1,1995,3.9209302325581397,0,1,1,1,1,0,0,0,1,0,0,0,0,0,0,0,0,0,0
2,1995,3.4318181818181817,0,1,0,1,0,0,0,0,1,0,0,0,0,0,0,0,0,0,0
3,1995,3.2596153846153846,0,0,0,0,1,0,0,0,0,0,0,0,0,0,1,0,0,0,0
5,1995,3.0714285714285716,0,0,0,0,1,0,0,0,0,0,0,0,0,0,0,0,0,0,0
6,1995,3.946078431372549,1,0,0,0,0,1,0,0,0,0,0,0,0,0,0,0,1,0,0
7,1995,3.185185185185185,0,0,0,0,1,0,0,0,0,0,0,0,0,0,1,0,0,0,0
10,1995,3.496212121212121,1,1,0,0,0,0,0,0,0,0,0,0,0,0,0,0,1,0,0
11,1995,3.6714285714285713,0,0,0,0,1,0,0,1,0,0,0,0,0,0,1,0,0,0,0
16,1995,3.926829268292683,0,0,0,0,0,1,0,1,0,0,0,0,0,0,0,0,0,0,0
17,1995,3.7761194029850746,0,0,0,0,0,0,0,1,0,0,0,0,0,0,1,0,0,0,0
19,1995,2.727272727272727,0,0,0,0,1,0,0,0,0,0,0,0,0,0,0,0,0,0,0
21,1995,3.49438202247191,0,0,0,0,1,1,0,0,0,0,0,0,0,0,0,0,1,0,0
22,1995,3.2222222222222223,0,0,0,0,0,1,0,1,0,0,1,0,0,1,0,0,1,0,0
24,1995,3.125,0,0,0,0,0,0,0,1,0,0,0,0,0,0,0,1,0,0,0
25,1995,3.625,0,0,0,0,0,0,0,1,0,0,0,0,0,0,1,0,0,0,0
29,1995,4.0131578947368425,0,1,0,0,0,0,0,1,1,0,0,0,0,1,0,1,0,0,0
31,1995,3.1842105263157894,0,0,0,0,0,0,0,1,0,0,0,0,0,0,0,0,0,0,0
32,1995,3.983050847457627,0,0,0,0,0,0,0,0,0,0,0,0,0,1,0,1,1,0,0
34,1995,3.65234375,0,0,0,1,0,0,0,1,0,0,0,0,0,0,0,0,0,0,0
36,1995,3.8358208955223883,0,0,0,0,0,1,0,1,0,0,0,0,0,0,0,0,0,0,0
39,1995,3.293269230769231,0,0,0,0,1,0,0,0,0,0,0,0,0,0,1,0,0,0,0
44,1995,2.5434782608695654,1,1,0,0,0,0,0,0,1,0,0,0,0,0,0,0,0,0,0
45,1995,3.3125,0,0,0,0,1,0,0,1,0,0,0,0,0,0,0,0,1,0,0
47,1995,3.9753694581280787,0,0,0,0,0,0,0,0,0,0,0,0,0,1,0,0,1,0,0
48,1995,3.1470588235294117,0,0,1,1,0,0,0,1,0,0,0,0,1,0,1,0,0,0,0
50,1995,4.237745098039215,0,0,0,0,0,1,0,0,0,0,0,0,0,1,0,0,1,0,0
52,1995,3.4642857142857144,0,0,0,0,1,0,0,1,0,0,0,0,0,0,1,0,0,0,0
58,1994,4.027027027027027,0,0,0,0,1,0,0,1,0,0,0,0,0,0,1,0,0,0,0
60,1995,3.235294117647059,0,1,0,1,0,0,0,0,1,0,0,0,0,0,0,0,0,0,0
62,1995,3.70625,0,0,0,0,0,0,0,1,0,0,0,0,0,0,0,0,0,0,0
65,1996,2.532258064516129,0,0,0,0,1,0,0,0,0,0,0,0,0,0,0,0,0,0,0
70,1996,3.5090909090909093,1,0,0,0,1,0,0,0,0,0,1,0,0,0,0,0,1,0,0
95,1996,3.0238095238095237,1,1,0,0,0,0,0,0,0,0,0,0,0,0,0,0,1,0,0
101,1996,3.782608695652174,0,1,0,0,1,1,0,0,0,0,0,0,0,0,1,0,0,0,0
104,1996,3.4393939393939394,0,0,0,0,1,0,0,0,0,0,0,0,0,0,0,0,0,0,0
105,1995,3.282608695652174,0,0,0,0,0,0,0,1,0,0,0,0,0,0,1,0,0,0,0
107,1996,3.326923076923077,0,1,0,1,1,0,0,0,0,0,0,0,1,0,0,0,0,0,0
110,1995,4.031645569620253,1,0,0,0,0,0,0,1,0,0,0,0,0,0,0,0,0,1,0
111,1976,4.105769230769231,0,0,0,0,0,1,0,1,0,0,0,0,0,0,0,0,1,0,0
112,1995,3.5434782608695654,1,1,0,0,1,1,0,0,0,0,0,0,0,0,0,0,0,0,0
135,1996,2.9516129032258065,0,0,0,0,1,0,0,0,0,0,0,0,0,0,0,0,0,0,0
141,1996,3.494186046511628,0,0,0,0,1,0,0,0,0,0,0,0,0,0,0,0,0,0,0
145,1995,3.2450980392156863,1,0,0,0,1,1,0,1,0,0,0,0,0,0,0,0,1,0,0
150,1995,3.845771144278607,0,1,0,0,0,0,0,1,0,0,0,1,0,0,0,0,0,0,0
151,1995,3.5454545454545454,1,0,0,0,0,0,0,1,0,0,0,0,0,0,1,0,0,1,0
153,1995,2.9160583941605838,1,1,0,0,1,1,0,0,0,0,0,0,0,0,0,0,0,0,0
158,1995,2.806451612903226,0,1,0,1,0,0,0,0,0,0,0,0,0,0,0,0,0,0,0
160,1995,2.8771929824561404,1,1,0,0,0,0,0,0,0,0,0,0,0,1,0,1,0,0,0
161,1995,3.6359223300970873,0,0,0,0,0,0,0,1,0,0,0,0,0,0,0,0,1,1,0
163,1995,3.5606060606060606,1,0,0,0,0,0,0,0,0,0,0,0,0,0,1,0,0,0,1
165,1995,3.5555555555555554,1,0,0,0,0,1,0,0,0,0,0,0,0,0,0,0,1,0,0
168,1995,3.0833333333333335,1,0,0,0,0,0,0,1,0,0,0,0,0,0,1,0,0,0,0
170,1995,3.2285714285714286,1,1,0,0,0,1,0,0,0,0,0,0,0,0,0,0,1,0,0
172,1995,2.6792452830188678,1,0,0,0,0,0,0,0,0,0,0,0,0,0,0,1,1,0,0
173,1995,2.6693548387096775,1,0,0,0,0,1,0,0,0,0,0,0,0,0,0,1,0,0,0
180,1995,3.4027777777777777,0,0,0,0,1,0,0,0,0,0,0,0,0,0,1,0,0,0,0
185,1995,3.0401785714285716,1,0,0,0,0,1,0,0,0,0,0,0,0,0,0,0,1,0,0
186,1995,2.8229166666666665,0,0,0,0,1,0,0,0,0,0,0,0,0,0,1,0,0,0,0
193,1995,2.4714285714285715,0,0,0,0,0,0,0,1,0,0,0,0,0,0,0,0,0,0,0
196,1995,2.6666666666666665,0,0,0,0,0,0,0,0,0,0,1,0,0,0,0,1,0,0,0
198,1995,3.25,1,0,0,0,0,1,0,1,0,0,0,0,0,1,0,1,1,0,0
203,1995,3.4318181818181817,0,0,0,0,1,0,0,0,0,0,0,0,0,0,0,0,0,0,0
204,1995,2.716666666666667,1,0,0,0,0,0,0,0,0,0,0,0,0,0,0,0,0,0,0
207,1995,3.4285714285714284,0,0,0,0,0,0,0,1,0,0,0,0,0,0,1,0,0,0,0
208,1995,2.9130434782608696,1,1,0,0,0,0,0,0,0,0,0,0,0,0,0,1,0,0,0
215,1995,4.041666666666667,0,0,0,0,0,0,0,1,0,0,0,0,0,0,1,0,0,0,0
216,1995,3.326530612244898,0,0,0,0,1,0,0,0,0,0,0,0,0,0,0,0,0,0,0
223,1994,3.855769230769231,0,0,0,0,1,0,0,0,0,0,0,0,0,0,0,0,0,0,0
224,1995,3.6125,0,0,0,0,1,0,0,1,0,0,0,0,0,0,1,0,0,0,0
225,1994,3.5384615384615383,0,0,0,0,0,0,0,1,0,0,0,0,0,0,0,0,1,0,0
227,1994,2.8636363636363638,1,0,0,0,0,0,0,0,0,0,0,0,0,0,0,0,1,0,0
230,1995,3.3958333333333335,0,0,0,0,0,0,0,1,0,0,0,0,0,0,0,0,1,0,0
231,1994,3.0601503759398496,0,1,0,0,1,0,0,0,0,0,0,0,0,0,0,0,0,0,0
235,1994,3.6785714285714284,0,0,0,0,1,0,0,1,0,0,0,0,0,0,0,0,0,0,0
236,1995,3.477777777777778,1,0,0,0,1,0,0,0,0,0,0,0,0,0,1,0,0,0,0
237,1995,3.340909090909091,0,0,0,0,1,0,0,0,0,0,0,0,0,0,1,0,0,0,0
246,1994,4.293103448275862,0,0,0,0,0,0,1,0,0,0,0,0,0,0,0,0,0,0,0
247,1994,3.9285714285714284,0,0,0,0,0,1,0,1,0,0,0,0,0,0,0,0,0,0,0
252,1994,3.453488372093023,0,0,0,0,1,0,0,0,0,0,0,0,0,0,1,0,0,0,0
253,1994,3.458715596330275,0,0,0,0,0,0,0,1,0,0,1,0,0,0,0,0,0,0,0
256,1994,2.8285714285714287,0,0,0,0,1,0,0,0,0,0,0,0,0,0,0,1,0,0,0
260,1977,4.231075697211155,1,1,0,0,0,0,0,0,0,0,0,0,0,0,0,1,0,0,0
261,1994,3.880952380952381,0,0,0,0,0,0,0,1,0,0,0,0,0,0,0,0,0,0,0
262,1995,3.9047619047619047,0,0,0,1,0,0,0,1,0,0,0,0,0,0,0,0,0,0,0
265,1992,3.9393939393939394,0,0,0,0,0,0,0,1,1,0,0,0,0,0,1,0,0,0,0
266,1994,3.3970588235294117,0,0,0,0,0,0,0,1,0,0,0,0,0,0,1,0,0,1,1
272,1994,3.7580645161290325,0,0,0,0,1,0,0,1,0,0,0,0,0,0,0,0,0,0,0
273,1994,2.9464285714285716,0,0,0,0,0,0,0,1,0,0,1,0,0,0,0,1,0,0,0
276,1994,3.25,0,0,0,0,1,0,0,0,0,0,0,0,0,0,1,0,0,0,0
277,1994,3.223684210526316,0,0,0,0,0,0,0,1,0,0,0,0,0,0,0,0,0,0,0
282,1994,3.3375,0,0,0,0,0,0,0,1,0,0,0,0,0,0,0,0,0,0,0
288,1994,3.233695652173913,1,0,0,0,0,1,0,0,0,0,0,0,0,0,0,0,1,0,0
292,1995,3.4257425742574257,1,0,0,0,0,0,0,1,0,0,0,0,0,0,0,1,1,0,0
293,1994,4.018796992481203,1,0,0,0,0,1,0,1,0,0,0,0,0,0,0,0,1,0,0
296,1994,4.197068403908795,0,0,0,0,1,1,0,1,0,0,0,0,0,0,0,0,1,0,0
300,1994,3.5185185185185186,0,0,0,0,0,0,0,1,0,0,0,0,0,0,0,0,0,0,0
303,1995,2.953125,1,0,0,0,0,0,0,0,0,0,0,0,0,0,0,0,1,0,1
307,1993,3.8958333333333335,0,0,0,0,0,0,0,1,0,0,0,0,0,0,0,0,0,0,0
315,1994,3.0789473684210527,1,0,0,0,0,0,0,1,0,0,0,0,0,0,0,0,1,0,0
316,1994,3.375,1,1,0,0,0,0,0,0,0,0,0,0,0,0,0,1,0,0,0
317,1994,3.2037037037037037,0,0,0,0,1,0,0,1,1,0,0,0,0,0,0,0,0,0,0
318,1994,4.429022082018927,0,0,0,0,0,1,0,1,0,0,0,0,0,0,0,0,0,0,0
327,1995,2.823529411764706,1,0,0,0,1,0,0,0,0,0,0,0,0,0,0,1,0,0,0
329,1994,3.3935185185185186,0,1,0,0,0,0,0,1,0,0,0,0,0,0,0,1,0,0,0
333,1995,3.78,0,0,0,0,1,0,0,0,0,0,0,0,0,0,0,0,0,0,0
337,1993,3.7662337662337664,0,0,0,0,0,0,0,1,0,0,0,0,0,0,0,0,0,0,0
339,1995,3.4693877551020407,0,0,0,0,1,0,0,0,0,0,0,0,0,0,1,0,0,0,0
342,1994,3.272727272727273,0,0,0,0,1,0,0,0,0,0,0,0,0,0,0,0,0,0,0
344,1994,3.040372670807453,0,0,0,0,1,0,0,0,0,0,0,0,0,0,0,0,0,0,0
345,1994,3.5972222222222223,0,0,0,0,1,0,0,1,0,0,0,0,0,0,0,0,0,0,0
348,1994,3.5833333333333335,0,0,0,0,1,0,0,0,0,0,0,0,0,0,0,0,0,0,0
349,1994,3.6045454545454545,1,0,0,0,0,1,0,1,0,0,0,0,0,0,0,0,1,0,0
350,1994,3.3859649122807016,0,0,0,0,0,0,0,1,0,0,0,0,0,1,0,0,1,0,0
353,1994,3.609375,1,0,0,0,0,1,0,0,1,0,0,0,0,0,0,0,1,0,0
355,1994,2.357142857142857,0,0,0,1,1,0,0,0,1,0,0,0,0,0,0,0,0,0,0
356,1994,4.164133738601824,0,0,0,0,1,0,0,1,0,0,0,0,0,0,1,0,0,1,0
357,1994,3.5194174757281553,0,0,0,0,1,0,0,0,0,0,0,0,0,0,1,0,0,0,0
362,1994,3.5294117647058822,0,1,0,1,0,0,0,0,0,0,0,0,0,0,1,0,0,0,0
364,1994,3.941860465116279,0,1,1,1,0,0,0,1,0,0,0,1,1,0,0,0,0,0,0
367,1994,3.1847133757961785,1,0,0,0,1,1,0,0,1,0,0,0,0,0,0,0,0,0,0
368,1994,3.5,0,1,0,0,1,0,0,0,0,0,0,0,0,0,0,0,0,0,1
370,1994,3.060344827586207,1,0,0,0,1,0,0,0,0,0,0,0,0,0,0,0,0,0,0
371,1994,3.3095238095238093,0,0,0,0,1,0,0,1,0,0,0,0,0,0,0,0,0,0,0
372,1994,2.761904761904762,0,0,0,0,1,0,0,1,0,0,0,0,0,0,1,0,0,0,0
374,1994,2.2,0,0,0,1,1,0,0,0,0,0,0,0,0,0,0,0,0,0,0
376,1994,3.25,1,0,0,0,0,0,0,0,0,0,0,0,0,0,0,0,1,0,0
377,1994,3.5292397660818713,1,0,0,0,0,0,0,0,0,0,0,0,0,0,1,0,1,0,0
379,1994,2.5,1,0,0,0,0,0,0,0,0,0,0,0,0,0,0,1,1,0,0
380,1994,3.497191011235955,1,1,0,0,1,0,0,0,0,0,0,0,0,0,1,0,1,0,0
383,1994,3.0952380952380953,0,0,0,0,0,0,0,0,0,0,0,0,0,0,0,0,0,0,1
410,1993,3.1011904761904763,0,0,0,1,1,0,0,0,1,0,0,0,0,0,0,0,0,0,0
413,1994,2.7884615384615383,0,0,0,0,1,0,0,0,0,0,0,0,0,0,0,0,0,0,0
420,1994,2.7203389830508473,1,0,0,0,1,1,0,0,0,0,0,0,0,0,0,0,1,0,0
431,1993,3.738095238095238,0,0,0,0,0,1,0,1,0,0,0,0,0,0,0,0,0,0,0
432,1994,2.6454545454545455,0,1,0,0,1,0,0,0,0,0,0,0,0,0,0,0,0,0,1
434,1993,3.0346534653465347,1,1,0,0,0,0,0,0,0,0,0,0,0,0,0,0,1,0,0
435,1993,2.4206349206349205,0,0,0,0,1,0,0,0,0,0,0,0,0,0,0,1,0,0,0
440,1993,3.5460526315789473,0,0,0,0,1,0,0,0,0,0,0,0,0,0,1,0,0,0,0
441,1993,3.9285714285714284,0,0,0,0,1,0,0,0,0,0,0,0,0,0,0,0,0,0,0
442,1993,3.0925925925925926,1,1,0,0,0,0,0,0,0,0,0,0,0,0,0,1,0,0,0
454,1993,3.5346534653465347,0,0,0,0,0,0,0,1,0,0,0,0,0,0,0,0,1,0,0
455,1993,2.391891891891892,0,1,0,1,0,0,0,1,0,0,0,0,0,0,0,0,0,0,0
457,1993,3.9921052631578946,0,0,0,0,0,0,0,0,0,0,0,0,0,0,0,0,1,0,0
466,1993,2.8666666666666667,1,0,0,0,1,0,0,0,0,0,0,0,0,0,0,0,0,1,0
468,1995,3.2045454545454546,0,0,0,0,1,0,0,0,0,0,0,0,0,0,1,0,0,0,0
471,1994,3.55,0,0,0,0,1,0,0,0,0,0,0,0,0,0,0,0,0,0,0
474,1993,3.692857142857143,1,0,0,0,0,0,0,0,0,0,0,0,0,0,0,0,1,0,0
475,1993,4.3,0,0,0,0,0,0,0,1,0,0,0,0,0,0,0,0,0,0,0
480,1993,3.75,1,1,0,0,0,0,0,0,0,0,0,0,0,0,0,1,1,0,0
485,1993,2.9339622641509435,1,1,0,0,1,0,0,0,1,0,0,0,0,0,0,0,0,0,0
494,1996,3.3780487804878048,1,1,0,0,0,0,0,0,0,0,0,0,0,0,0,0,1,0,0
497,1993,3.813953488372093,0,0,0,0,1,0,0,0,0,0,0,0,0,0,1,0,0,0,0
500,1993,3.388888888888889,0,0,0,0,1,0,0,1,0,0,0,0,0,0,0,0,0,0,0
508,1993,3.6136363636363638,0,0,0,0,0,0,0,1,0,0,0,0,0,0,0,0,0,0,0
509,1993,3.540983606557377,0,0,0,0,0,0,0,1,0,0,0,0,0,0,1,0,0,0,0
515,1993,3.6041666666666665,0,0,0,0,0,0,0,1,0,0,0,0,0,0,1,0,0,0,0
519,1993,2.4047619047619047,1,0,0,0,0,1,0,1,0,0,0,0,0,0,0,1,1,0,0
520,1993,3.130434782608696,0,0,0,0,1,0,0,0,0,0,0,0,0,0,0,0,0,0,0
524,1993,3.485294117647059,0,0,0,0,0,0,0,1,0,0,0,0,0,0,0,0,0,0,0
527,1993,4.225,0,0,0,0,0,0,0,1,0,0,0,0,0,0,0,0,0,1,0
529,1993,3.875,0,0,0,0,0,0,0,1,0,0,0,0,0,0,0,0,0,0,0
531,1993,3.25,0,0,0,1,0,0,0,1,0,0,0,0,0,0,0,0,0,0,0
539,1993,3.4716981132075473,0,0,0,0,1,0,0,1,0,0,0,0,0,0,1,0,0,0,0
541,1982,4.100806451612903,1,0,0,0,0,0,0,0,0,0,0,0,0,0,0,1,1,0,0
543,1993,3.317073170731707,0,0,0,0,1,0,0,0,0,0,0,0,0,0,1,0,1,0,0
546,1993,2.0,1,1,0,1,1,0,0,0,1,0,0,0,0,0,0,1,0,0,0
551,1993,3.553763440860215,0,0,1,1,0,0,0,0,1,0,0,0,1,0,0,0,0,0,0
552,1993,3.262295081967213,1,1,0,0,1,0,0,0,0,0,0,0,0,0,1,0,0,0,0
553,1993,3.8153846153846156,1,0,0,0,0,0,0,1,0,0,0,0,0,0,0,0,0,0,1
555,1993,3.8,0,0,0,0,0,1,0,0,0,0,0,0,0,0,0,0,1,0,0
562,1995,3.5434782608695654,0,0,0,0,1,0,0,1,0,0,0,0,0,0,0,0,0,0,0
585,1995,2.736111111111111,0,0,0,0,1,0,0,0,0,0,0,0,0,0,0,0,0,0,0
586,1990,2.9956896551724137,0,0,0,1,1,0,0,0,0,0,0,0,0,0,0,0,0,0,0
587,1990,3.4347826086956523,0,0,0,0,1,0,0,1,1,0,0,0,0,0,1,0,1,0,0
588,1992,3.7923497267759565,0,1,1,1,1,0,0,0,0,0,0,0,1,0,0,0,0,0,0
589,1991,3.970982142857143,1,0,0,0,0,0,0,0,0,0,0,0,0,0,0,1,0,0,0
590,1990,3.8353658536585367,0,1,0,0,0,0,0,1,0,0,0,0,0,0,0,0,0,0,1
592,1989,3.4285714285714284,1,0,0,0,0,1,0,0,0,0,0,0,0,0,0,0,1,0,0
593,1991,4.161290322580645,0,0,0,0,0,1,0,0,0,0,1,0,0,0,0,0,1,0,0
594,1937,3.616883116883117,0,0,1,1,0,0,0,1,1,0,0,0,1,0,0,0,0,0,0
595,1991,3.7705479452054793,0,0,1,1,0,0,0,0,1,0,0,1,1,0,1,0,0,0,0
596,1940,3.45,0,0,1,1,0,0,0,0,1,0,0,0,1,0,0,0,0,0,0
597,1990,3.4851851851851854,0,0,0,0,1,0,0,0,0,0,0,0,0,0,1,0,0,0,0
608,1996,4.116022099447513,0,0,0,0,1,1,0,1,0,0,0,0,0,0,0,0,1,0,0
610,1981,3.5454545454545454,1,1,1,0,0,0,0,0,0,0,1,0,0,0,0,1,0,0,0
616,1970,3.411111111111111,0,0,1,1,0,0,0,0,0,0,0,0,0,0,0,0,0,0,0
628,1996,3.642857142857143,0,0,0,0,0,1,0,1,0,0,0,0,0,1,0,0,1,0,0
637,1996,3.0454545454545454,0,0,0,0,1,0,0,0,0,0,0,0,0,0,0,0,0,0,0
647,1996,3.3275862068965516,1,0,0,0,0,1,0,1,0,0,0,0,0,0,0,0,0,1,0
648,1996,3.537037037037037,1,1,0,0,0,0,0,0,0,0,0,0,0,1,0,0,1,0,0
653,1996,3.0923076923076924,1,1,0,0,0,0,0,0,1,0,0,0,0,0,0,0,0,0,0
661,1996,3.4489795918367347,0,1,1,1,0,0,0,0,1,0,0,0,1,0,0,0,0,0,0
671,1996,3.486111111111111,0,0,0,0,1,0,0,0,0,0,0,0,0,0,0,1,0,0,0
673,1996,2.707547169811321,0,1,1,1,1,0,0,0,1,0,0,0,0,0,0,1,0,0,0
707,1996,2.880952380952381,0,0,0,0,0,1,0,1,0,0,0,0,0,0,0,0,1,0,0
708,1996,3.3879310344827585,0,0,0,0,1,0,0,0,0,0,0,0,0,0,1,0,0,0,0
719,1996,2.842857142857143,0,0,0,0,1,0,0,0,0,0,0,0,0,0,0,0,0,0,0
720,1996,4.092592592592593,0,1,1,0,1,0,0,0,0,0,0,0,0,0,0,0,0,0,0
724,1996,3.032258064516129,0,0,0,0,0,0,0,1,1,0,1,0,0,0,0,0,1,0,0
733,1996,3.6404958677685952,1,1,0,0,0,0,0,0,0,0,0,0,0,0,0,0,1,0,0
736,1996,3.321138211382114,1,1,0,0,0,0,0,0,0,0,0,0,0,0,1,0,1,0,0
741,1995,4.148148148148148,0,0,1,0,0,0,0,0,0,0,0,0,0,0,0,1,0,0,0
743,1996,2.5172413793103448,0,0,0,0,1,0,0,0,0,0,0,0,0,0,0,0,0,0,0
745,1995,3.8958333333333335,0,0,1,1,1,0,0,0,0,0,0,0,0,0,0,0,0,0,0
748,1996,3.1136363636363638,1,0,0,0,0,0,0,0,0,0,0,0,0,0,0,1,1,0,0
750,1964,4.268041237113402,0,0,0,0,1,0,0,0,0,0,0,0,0,0,0,0,0,1,0
762,1996,2.4146341463414633,0,0,0,0,1,1,0,0,0,0,0,0,0,0,0,0,0,0,0
778,1996,4.03921568627451,0,0,0,0,1,1,0,1,0,0,0,0,0,0,0,0,0,0,0
780,1996,3.4455445544554455,1,1,0,0,0,0,0,0,0,0,0,0,0,0,0,1,1,0,0
783,1996,3.3297872340425534,0,0,1,1,0,0,0,1,0,0,0,0,1,0,1,0,0,0,0
784,1996,2.8055555555555554,0,0,0,0,1,0,0,0,0,0,0,0,0,0,0,0,1,0,0
785,1996,3.369047619047619,0,0,0,0,1,0,0,0,0,0,0,0,0,0,0,0,0,0,0
786,1996,3.109375,1,0,0,0,0,0,0,1,0,0,0,0,0,0,0,0,1,0,0
788,1996,2.731707317073171,0,0,0,0,1,0,0,0,1,0,0,0,0,0,1,1,0,0,0
799,1996,3.4565217391304346,0,0,0,0,1,0,0,0,0,0,1,0,0,0,0,0,1,0,0
802,1996,3.3369565217391304,0,0,0,0,0,0,0,1,0,0,0,0,0,0,1,0,0,0,0
805,1996,3.657142857142857,0,0,0,0,0,0,0,1,0,0,0,0,0,0,0,0,1,0,0
830,1996,3.0714285714285716,0,0,0,0,1,0,0,0,0,0,0,0,0,0,0,0,0,0,0
832,1996,3.3378378378378377,0,0,0,0,0,1,0,0,0,0,0,0,0,0,0,0,1,0,0
837,1996,3.272727272727273,0,0,0,1,1,0,0,0,1,0,0,0,0,0,0,0,0,0,0
838,1996,3.9166666666666665,0,0,0,0,1,0,0,1,0,0,0,0,0,0,1,0,0,0,0
849,1996,2.9204545454545454,1,1,0,0,0,0,0,0,0,0,0,0,0,0,0,1,1,0,0
852,1996,3.1744186046511627,0,0,0,0,1,0,0,1,0,0,0,0,0,0,1,0,0,0,0
858,1972,4.2890625,0,0,0,0,0,1,0,1,0,0,0,0,0,0,0,0,0,0,0
866,1996,4.0,0,0,0,0,0,1,0,1,0,0,0,0,0,0,1,0,1,0,0
880,1996,2.740740740740741,0,0,0,0,0,0,0,0,0,0,0,0,0,0,0,1,1,0,0
898,1940,4.310344827586207,0,0,0,0,1,0,0,1,0,0,0,0,0,0,1,0,0,0,0
899,1952,4.074468085106383,0,0,0,0,1,0,0,0,0,0,0,0,1,0,1,0,0,0,0
902,1961,3.8472222222222223,0,0,0,0,0,0,0,1,0,0,0,0,0,0,1,0,0,0,0
903,1958,4.025,0,0,0,0,0,0,0,1,0,0,0,0,0,1,1,0,1,0,0
904,1954,4.261904761904762,0,0,0,0,0,0,0,0,0,0,0,0,0,1,0,0,1,0,0
908,1959,4.184210526315789,1,1,0,0,0,0,0,0,0,0,0,0,0,1,1,0,1,0,0
909,1960,3.962962962962963,0,0,0,0,1,0,0,1,0,0,0,0,0,0,1,0,0,0,0
910,1959,4.01,0,0,0,0,1,1,0,0,0,0,0,0,0,0,0,0,0,0,0
912,1942,4.24,0,0,0,0,0,0,0,1,0,0,0,0,0,0,1,0,0,0,0
913,1941,4.170454545454546,0,0,0,0,0,0,0,0,0,1,0,0,0,1,0,0,0,0,0
914,1964,4.042857142857143,0,0,0,0,1,0,0,1,0,0,0,0,1,0,1,0,0,0,0
915,1954,3.7666666666666666,0,0,0,0,1,0,0,0,0,0,0,0,0,0,1,0,0,0,0
916,1953,4.0576923076923075,0,0,0,0,1,0,0,1,0,0,0,0,0,0,1,0,0,0,0
919,1939,3.880434782608696,0,1,0,1,0,0,0,0,1,0,0,0,1,0,0,0,0,0,0
920,1939,3.6444444444444444,0,0,0,0,0,0,0,1,0,0,0,0,0,0,1,0,0,1,0
922,1950,4.333333333333333,0,0,0,0,0,0,0,1,0,1,0,0,0,0,1,0,0,0,0
923,1941,4.043478260869565,0,0,0,0,0,0,0,1,0,0,0,0,0,1,0,0,0,0,0
924,1968,3.8944954128440368,0,1,0,0,0,0,0,1,0,0,0,0,0,0,0,1,0,0,0
926,1950,4.229166666666667,0,0,0,0,0,0,0,1,0,0,0,0,0,0,0,0,0,0,0
933,1955,4.217391304347826,0,0,0,0,0,1,0,0,0,0,0,0,0,1,1,0,1,0,0
953,1946,4.0344827586206895,0,0,0,1,0,0,0,1,1,0,0,0,0,0,1,0,0,0,0
968,1968,3.75,0,0,0,0,0,0,0,0,0,0,1,0,0,0,0,1,1,0,0
969,1951,3.9705882352941178,0,1,0,0,1,0,0,0,0,0,0,0,0,0,1,0,0,1,0
1020,1993,3.081081081081081,0,0,0,0,1,0,0,0,0,0,0,0,0,0,0,0,0,0,0
1021,1994,2.3333333333333335,0,0,0,1,1,0,0,0,0,0,0,0,0,0,0,0,0,0,0
1022,1950,3.488095238095238,0,0,1,1,0,0,0,0,1,0,0,0,1,0,1,0,0,0,0
1025,1963,3.58,0,0,1,1,0,0,0,0,1,0,0,0,1,0,0,0,0,0,0
1027,1991,3.017857142857143,0,1,0,0,0,0,0,1,0,0,0,0,0,0,0,0,0,0,0
1028,1964,3.887323943661972,0,0,0,1,1,0,0,0,1,0,0,0,1,0,0,0,0,0,0
1029,1941,3.3857142857142857,0,0,1,1,0,0,0,1,0,0,0,0,1,0,0,0,0,0,0
1031,1971,3.4791666666666665,0,1,0,1,0,0,0,0,0,0,0,0,1,0,0,0,0,0,0
1032,1951,3.375,0,1,1,1,0,0,0,0,1,0,0,0,1,0,0,0,0,0,0
1035,1965,3.9375,0,0,0,0,0,0,0,0,0,0,0,0,1,0,1,0,0,0,0
1036,1988,3.8620689655172415,1,0,0,0,0,1,0,0,0,0,0,0,0,0,0,0,1,0,0
1037,1992,2.7708333333333335,1,0,0,0,0,0,0,0,0,0,1,0,0,0,0,1,1,0,0
1042,1996,3.2738095238095237,0,0,0,0,1,0,0,1,0,0,0,0,0,0,0,0,0,0,0
1047,1996,3.3181818181818183,1,0,0,0,0,0,0,1,0,0,0,0,0,0,0,0,1,0,0
1049,1996,3.4761904761904763,1,1,0,0,0,0,0,0,0,0,0,0,0,0,0,0,0,0,0
1059,1996,3.7222222222222223,0,0,0,0,0,0,0,1,0,0,0,0,0,0,1,0,0,0,0
1060,1996,3.6944444444444446,0,0,0,0,1,0,0,1,0,0,0,0,0,0,0,0,0,0,0
1061,1996,3.6724137931034484,0,0,0,0,0,0,0,0,0,0,0,0,0,0,0,0,1,0,0
1073,1971,3.8739495798319328,0,0,0,1,1,0,0,0,1,0,0,0,1,0,0,0,0,0,0
1077,1973,3.75,0,0,0,0,1,0,0,0,0,0,0,0,0,0,0,1,0,0,0
1079,1988,3.9225352112676055,0,0,0,0,1,1,0,0,0,0,0,0,0,0,0,0,0,0,0
1080,1979,3.9269662921348316,0,0,0,0,1,0,0,0,0,0,0,0,0,0,0,0,0,0,0
1084,1967,4.071428571428571,0,0,0,0,0,1,0,1,0,0,0,0,0,0,0,0,0,0,0
1086,1954,4.1,0,0,0,0,0,1,0,0,0,0,0,0,0,1,0,0,1,0,0
1088,1987,3.369047619047619,0,0,0,0,0,0,0,1,0,0,0,0,1,0,1,0,0,0,0
1089,1992,4.202290076335878,0,0,0,0,0,1,0,0,0,0,0,0,0,1,0,0,1,0,0
1090,1986,3.984126984126984,0,0,0,0,0,0,0,1,0,0,0,0,0,0,0,0,0,1,0
1091,1989,2.5476190476190474,0,0,0,0,1,0,0,0,0,0,0,0,0,0,0,0,0,0,0
1092,1992,3.1914893617021276,0,0,0,0,0,1,0,0,0,0,0,0,0,1,0,0,1,0,0
1093,1991,3.4054054054054053,0,0,0,0,0,0,0,1,0,0,0,0,0,0,0,0,0,0,0
1094,1992,3.4404761904761907,0,0,0,0,0,0,0,1,0,0,0,0,0,0,1,0,1,0,0
1097,1982,3.7663934426229506,0,0,0,1,0,0,0,1,0,0,0,0,0,0,0,1,0,0,0
1101,1986,3.3012048192771086,1,0,0,0,0,0,0,0,0,0,0,0,0,0,1,0,0,0,0
1120,1996,3.537037037037037,0,0,0,0,1,0,0,1,0,0,0,0,0,0,0,0,0,0,0
1125,1975,3.6875,0,0,0,0,1,1,0,0,0,0,0,0,0,0,0,0,0,0,0
1127,1989,3.475806451612903,1,1,0,0,0,0,0,0,0,0,0,0,0,0,0,1,1,0,0
1129,1981,3.448717948717949,1,1,0,0,0,0,0,0,0,0,0,0,0,0,0,1,1,0,0
1136,1975,4.161764705882353,0,1,0,0,1,0,0,0,1,0,0,0,0,0,0,0,0,0,0
1148,1993,4.035714285714286,0,0,1,1,1,1,0,0,0,0,0,0,0,0,0,0,0,0,0
1172,1989,4.161764705882353,0,0,0,0,0,0,0,1,0,0,0,0,0,0,0,0,0,0,0
1175,1991,3.8333333333333335,0,0,0,0,1,0,0,1,0,0,0,0,0,0,1,0,0,0,0
1179,1990,3.6296296296296298,0,0,0,0,0,1,0,1,0,1,0,0,0,0,0,0,0,0,0
1183,1996,3.7111111111111112,0,0,0,0,0,0,0,1,0,0,0,0,0,0,1,0,0,1,0
1186,1989,3.5869565217391304,0,0,0,0,0,0,0,1,0,0,0,0,0,0,0,0,0,0,0
1188,1992,3.659090909090909,0,0,0,0,1,0,0,0,0,0,0,0,0,0,1,0,0,0,0
1193,1975,4.203007518796992,0,0,0,0,0,0,0,1,0,0,0,0,0,0,0,0,0,0,0
1196,1980,4.2156398104265405,1,1,0,0,0,0,0,0,0,0,0,0,0,0,0,1,0,0,0
1197,1987,4.232394366197183,1,1,0,0,1,0,0,0,1,0,0,0,0,0,1,0,0,0,0
1198,1981,4.2075,1,1,0,0,0,0,0,0,0,0,0,0,0,0,0,0,0,0,0
1199,1985,4.177966101694915,0,0,0,0,0,0,0,0,1,0,0,0,0,0,0,1,0,0,0
1200,1986,3.9642857142857144,1,1,0,0,0,0,0,0,0,0,1,0,0,0,0,1,0,0,0
1201,1966,4.145833333333333,1,1,0,0,0,0,0,0,0,0,0,0,0,0,0,0,0,0,1
1203,1957,4.149122807017544,0,0,0,0,0,0,0,1,0,0,0,0,0,0,0,0,0,0,0
1204,1962,4.3,0,1,0,0,0,0,0,1,0,0,0,0,0,0,0,0,0,1,0
1206,1971,3.995833333333333,0,0,0,0,0,1,0,1,0,0,0,0,0,0,0,1,1,0,0
1207,1962,4.120689655172414,0,0,0,0,0,0,0,1,0,0,0,0,0,0,0,0,0,0,0
1208,1979,4.219626168224299,1,0,0,0,0,0,0,1,0,0,0,0,0,0,0,0,0,1,0
1210,1983,4.137755102040816,1,1,0,0,0,0,0,0,0,0,0,0,0,0,0,1,0,0,0
1212,1949,4.229166666666667,0,0,0,0,0,0,0,0,0,1,0,0,0,1,0,0,1,0,0
1213,1990,4.25,0,0,0,0,0,1,0,1,0,0,0,0,0,0,0,0,0,0,0
1214,1979,3.969178082191781,0,0,0,0,0,0,0,0,0,0,1,0,0,0,0,1,0,0,0
1215,1993,4.03921568627451,1,1,0,0,1,0,0,0,1,0,1,0,0,0,0,0,0,0,0
1219,1960,4.036144578313253,0,0,0,0,0,1,0,0,0,0,1,0,0,0,0,0,0,0,0
1220,1980,3.8095238095238093,1,0,0,0,1,0,0,0,0,0,0,0,1,0,0,0,0,0,0
1221,1974,4.25968992248062,0,0,0,0,0,1,0,1,0,0,0,0,0,0,0,0,0,0,0
1222,1987,4.098039215686274,0,0,0,0,0,0,0,1,0,0,0,0,0,0,0,0,0,1,0
1223,1989,4.089285714285714,0,1,1,1,1,0,0,0,0,0,0,0,0,0,0,1,0,0,0
1225,1984,4.184210526315789,0,0,0,0,0,0,0,1,0,0,0,0,0,0,0,0,0,0,0
1228,1980,4.1875,0,0,0,0,0,0,0,1,0,0,0,0,0,0,0,0,0,0,0
1230,1977,3.8706896551724137,0,0,0,0,1,0,0,0,0,0,0,0,0,0,1,0,0,0,0
1231,1983,3.8636363636363638,0,0,0,0,0,0,0,1,0,0,0,0,0,0,0,0,0,0,0
1233,1981,4.2125,1,0,0,0,0,0,0,1,0,0,0,0,0,0,0,0,0,1,0
1234,1973,3.9765625,0,0,0,0,1,1,0,0,0,0,0,0,0,0,0,0,0,0,0
1235,1971,4.288461538461538,0,0,0,0,1,0,0,1,0,0,0,0,0,0,1,0,0,0,0
1240,1984,3.8969465648854964,1,0,0,0,0,0,0,0,0,0,0,0,0,0,0,1,1,0,0
1242,1989,4.170731707317073,0,0,0,0,0,0,0,1,0,0,0,0,0,0,0,0,0,1,0
1244,1979,4.106060606060606,0,0,0,0,1,0,0,1,0,0,0,0,0,0,1,0,0,0,0
1246,1989,3.9593023255813953,0,0,0,0,0,0,0,1,0,0,0,0,0,0,0,0,0,0,0
1247,1967,4.063291139240507,0,0,0,0,1,0,0,1,0,0,0,0,0,0,1,0,0,0,0
1249,1990,4.071428571428571,1,0,0,0,0,1,0,0,0,0,0,0,0,0,1,0,1,0,0
1250,1957,4.122222222222222,0,1,0,0,0,0,0,1,0,0,0,0,0,0,0,0,0,1,0
1252,1974,4.211864406779661,0,0,0,0,0,1,0,0,0,1,0,0,0,1,0,0,1,0,0
1253,1951,3.82,0,0,0,0,0,0,0,1,0,0,0,0,0,0,0,1,1,0,0
1256,1933,3.8043478260869565,0,0,0,0,1,0,0,0,0,0,0,0,1,0,0,0,0,1,0
1257,1985,3.685185185185185,0,0,0,0,1,0,0,0,0,0,0,0,0,0,1,0,0,0,0
1258,1980,4.08256880733945,0,0,0,0,0,0,0,0,0,0,1,0,0,0,0,0,0,0,0
1259,1986,4.0054945054945055,0,1,0,0,0,0,0,1,0,0,0,0,0,0,0,0,0,0,0
1261,1987,4.044117647058823,1,0,0,0,1,0,0,0,1,0,1,0,0,0,0,0,0,0,0
1262,1963,4.127906976744186,1,1,0,0,0,0,0,1,0,0,0,0,0,0,0,0,0,1,0
1263,1978,3.8255813953488373,0,0,0,0,0,0,0,1,0,0,0,0,0,0,0,0,0,1,0
1265,1993,3.944055944055944,0,0,0,0,1,0,0,0,1,0,0,0,0,0,1,0,0,0,0
1266,1992,4.111111111111111,0,0,0,0,0,0,0,1,0,0,0,0,0,0,0,0,0,0,1
1267,1962,4.25,0,0,0,0,0,1,0,0,0,0,0,0,0,0,0,0,1,1,0
1269,1944,3.8793103448275863,0,0,0,0,1,0,0,0,0,0,0,0,0,1,0,0,1,0,0
1270,1985,4.038011695906433,0,1,0,0,1,0,0,0,0,0,0,0,0,0,0,1,0,0,0
1271,1991,3.5,0,0,0,0,1,1,0,1,0,0,0,0,0,0,0,0,0,0,0
1272,1970,4.121212121212121,0,0,0,0,0,0,0,1,0,0,0,0,0,0,0,0,0,1,0
1274,1988,3.7435897435897436,1,1,1,0,0,0,0,0,0,0,0,0,0,0,0,1,0,0,0
1275,1986,3.7291666666666665,1,1,0,0,0,0,0,0,1,0,0,0,0,0,0,0,0,0,0
1276,1967,4.271929824561403,0,0,0,0,0,0,0,1,0,0,0,0,0,0,0,0,0,0,0
1278,1974,3.9927536231884058,0,0,0,0,1,0,0,0,1,0,0,0,0,0,0,0,0,0,0
1282,1940,3.7830188679245285,0,0,1,1,0,0,0,0,1,0,0,0,1,0,0,0,0,0,0
1285,1989,3.731707317073171,0,0,0,0,1,0,0,0,0,0,0,0,0,0,0,0,0,0,0
1287,1959,3.9411764705882355,1,1,0,0,0,0,0,1,0,0,0,0,0,0,0,0,0,0,0
1288,1984,4.015151515151516,0,0,0,0,1,0,0,0,0,0,0,0,0,0,0,0,0,0,0
1291,1989,4.046428571428572,1,1,0,0,0,0,0,0,0,0,0,0,0,0,0,0,0,0,0
1293,1982,3.8333333333333335,0,0,0,0,0,0,0,1,0,0,0,0,0,0,0,0,0,0,0
1298,1982,3.760869565217391,0,0,0,0,0,0,0,1,0,0,0,0,1,0,0,0,0,0,0
1299,1984,4.017857142857143,0,0,0,0,0,0,0,1,0,0,0,0,0,0,0,0,0,1,0
1302,1989,3.517857142857143,0,0,0,1,0,0,0,1,1,0,0,0,0,0,0,0,0,0,0
1304,1969,3.943548387096774,1,0,0,0,0,0,0,0,0,0,0,0,0,0,0,0,0,0,1
1307,1989,3.8588235294117648,0,0,0,0,1,0,0,0,0,0,0,0,0,0,1,0,0,0,0
1320,1992,3.148936170212766,1,0,0,0,0,0,0,0,0,0,1,0,0,0,0,1,1,0,0
1321,1981,3.4130434782608696,0,0,0,0,1,0,0,0,0,0,1,0,0,0,0,0,1,0,0
1333,1963,3.602272727272727,0,0,0,0,0,0,0,0,0,0,1,0,0,0,0,0,1,0,0
1339,1992,3.4655172413793105,0,0,0,0,0,0,0,0,1,0,1,0,0,0,1,0,1,0,0
1343,1991,3.78,0,0,0,0,0,0,0,0,0,0,0,0,0,0,0,0,1,0,0
1345,1976,3.3472222222222223,0,0,0,0,0,0,0,1,1,0,1,0,0,0,0,0,1,0,0
1347,1984,3.0,0,0,0,0,0,0,0,0,0,0,1,0,0,0,0,0,1,0,0
1350,1976,3.8181818181818183,0,0,0,0,0,0,0,0,0,0,1,0,0,1,0,0,1,0,0
1356,1996,3.879120879120879,1,1,0,0,0,0,0,0,0,0,0,0,0,0,0,1,1,0,0
1357,1996,4.0,0,0,0,0,0,0,0,1,0,0,0,0,0,0,1,0,0,0,0
1358,1996,3.8404255319148937,0,0,0,0,0,0,0,1,0,0,0,0,0,0,0,0,0,0,0
1367,1996,3.074468085106383,0,1,0,1,1,0,0,0,0,0,0,0,0,0,0,0,0,0,0
1370,1990,3.4044117647058822,1,1,0,0,0,0,0,0,0,0,0,0,0,0,0,0,1,0,0
1371,1979,3.0444444444444443,0,1,0,0,0,0,0,0,0,0,0,0,0,0,0,1,0,0,0
1372,1991,3.3452380952380953,1,0,0,0,0,0,0,0,0,0,0,0,0,1,0,1,0,0,0
1373,1989,2.6666666666666665,1,0,0,0,0,0,0,0,0,0,0,0,0,0,0,1,0,0,0
1374,1982,3.7661290322580645,1,1,0,0,0,0,0,0,0,0,0,0,0,0,0,1,1,0,0
1375,1984,3.261904761904762,1,1,0,0,0,0,0,0,0,0,0,0,0,0,0,1,0,0,0
1376,1986,3.4767441860465116,0,1,0,0,1,0,0,0,0,0,0,0,0,0,0,1,0,0,0
1377,1992,3.025,1,0,0,0,0,1,0,0,0,0,0,0,0,0,0,0,0,0,0
1378,1988,3.1,1,0,0,0,1,0,0,0,0,0,0,0,0,0,0,0,0,0,1
1380,1978,3.139705882352941,0,0,0,0,1,0,0,0,0,0,0,0,1,0,1,0,0,0,0
1385,1992,2.8541666666666665,1,0,0,0,0,0,0,1,0,0,0,0,0,0,0,0,1,0,0
1387,1975,4.0054945054945055,1,0,0,0,0,0,0,0,0,0,1,0,0,0,0,0,0,0,0
1391,1996,3.0930232558139537,1,0,0,0,1,0,0,0,0,0,0,0,0,0,0,1,0,0,0
1393,1996,3.5941176470588236,0,0,0,0,0,0,0,1,0,0,0,0,0,0,1,0,0,0,0
1394,1987,3.9913793103448274,0,0,0,0,1,0,0,0,0,0,0,0,0,0,0,0,0,0,0
1396,1992,3.4782608695652173,1,0,0,0,1,1,0,1,0,0,0,0,0,0,0,1,0,0,0
1405,1996,2.935483870967742,0,1,1,0,1,1,0,0,0,0,0,0,0,0,0,0,0,0,0
1407,1996,3.2,0,0,0,0,1,0,0,0,0,0,1,0,0,1,0,0,1,0,0
1408,1992,3.8333333333333335,1,0,0,0,0,0,0,0,0,0,0,0,0,0,1,0,0,1,1
1409,1996,2.5,0,0,0,0,1,0,0,1,1,0,0,0,0,0,1,0,0,0,0
1438,1997,2.625,1,0,0,0,0,0,0,0,0,0,0,0,0,0,0,0,1,0,0
1449,1996,3.875,0,0,0,0,1,0,0,0,0,0,0,0,0,0,0,0,0,0,0
1466,1997,3.7403846153846154,0,0,0,0,0,1,0,1,0,0,0,0,0,0,0,0,0,0,0
1476,1997,3.5384615384615383,0,0,0,0,1,0,0,1,0,0,0,0,0,0,0,0,0,0,0
1479,1997,3.216666666666667,1,0,0,0,0,0,0,0,0,0,0,0,0,0,1,1,1,0,0
1485,1997,3.0337837837837838,0,0,0,0,1,0,0,0,0,0,0,0,0,0,0,0,0,0,0
1499,1997,1.9259259259259258,1,1,0,0,0,0,0,0,0,0,0,0,0,0,0,0,1,0,0
1500,1997,3.610169491525424,0,0,0,0,1,1,0,0,0,0,0,0,0,0,1,0,0,0,0
1513,1997,2.9655172413793105,0,0,0,0,1,0,0,0,0,0,0,0,0,0,0,0,0,0,0
1517,1997,3.535,1,1,0,0,1,0,0,0,0,0,0,0,0,0,0,0,0,0,0
1527,1997,3.7456896551724137,1,1,0,0,1,0,0,0,0,0,0,0,0,0,0,1,0,0,0
1544,1997,2.753731343283582,1,1,0,0,0,0,0,0,0,0,0,0,0,0,0,1,1,0,0
1552,1997,3.0338983050847457,1,1,0,0,0,0,0,0,0,0,0,0,0,0,0,0,1,0,0
1562,1997,2.2142857142857144,1,1,0,0,0,0,0,0,1,0,0,0,0,0,0,0,1,0,0
1566,1997,3.4516129032258065,0,1,1,1,1,0,0,0,0,0,0,0,1,0,0,0,0,0,0
1569,1997,3.5,0,0,0,0,1,0,0,0,0,0,0,0,0,0,1,0,0,0,0
1573,1997,3.3701298701298703,1,0,0,0,0,1,0,1,0,0,0,0,0,0,0,0,1,0,0
1580,1997,3.487878787878788,1,0,0,0,1,0,0,0,0,0,0,0,0,0,0,1,0,0,0
1584,1997,3.652439024390244,0,0,0,0,0,0,0,1,0,0,0,0,0,0,0,1,0,0,0
1586,1997,2.7954545454545454,1,0,0,0,0,0,0,1,0,0,0,0,0,0,0,0,0,0,0
1587,1982,3.2580645161290325,1,1,0,0,0,0,0,0,1,0,0,0,0,0,0,0,0,0,0
1590,1997,2.94,0,0,0,0,0,0,0,0,0,0,1,0,0,0,0,1,1,0,0
1591,1997,2.6346153846153846,1,1,0,0,0,0,0,0,0,0,0,0,0,0,0,1,1,0,0
1597,1997,2.941860465116279,0,0,0,0,0,0,0,1,0,0,0,0,0,1,1,0,1,0,0
1608,1997,3.3448275862068964,1,0,0,0,0,0,0,0,0,0,0,0,0,0,0,0,1,0,0
1610,1990,3.8722222222222222,1,1,0,0,0,0,0,0,0,0,0,0,0,0,0,0,1,0,0
1614,1997,2.7884615384615383,0,0,0,0,1,0,0,0,0,0,0,0,0,0,0,0,0,0,0
1617,1997,4.061855670103093,0,0,0,0,0,1,0,0,0,1,0,0,0,1,0,0,1,0,0
1625,1997,3.7012987012987013,0,0,0,0,0,0,0,1,0,0,0,0,0,1,0,0,1,0,0
1639,1997,3.576923076923077,0,0,0,0,1,0,0,1,0,0,0,0,0,0,1,0,0,0,0
1641,1997,3.7589285714285716,0,0,0,0,1,0,0,1,0,0,0,0,0,0,0,0,0,0,0
1644,1997,2.109375,0,0,0,0,0,0,0,0,0,0,1,0,0,1,0,0,1,0,0
1645,1997,3.411764705882353,0,0,0,0,0,0,0,1,0,0,0,0,0,1,0,0,1,0,0
1653,1997,3.953488372093023,0,0,0,0,0,0,0,1,0,0,0,0,0,0,0,1,1,0,0
1663,1981,3.7941176470588234,0,0,0,0,1,0,0,0,0,0,0,0,0,0,0,0,0,1,0
1673,1997,4.076923076923077,0,0,0,0,0,0,0,1,0,0,0,0,0,0,0,0,0,0,0
1674,1985,3.65,0,0,0,0,0,0,0,1,0,0,0,0,0,0,1,0,1,0,0
1676,1997,3.33125,1,0,0,0,0,0,0,0,0,0,0,0,0,0,0,1,0,0,0
1680,1998,3.6,0,0,0,0,0,0,0,1,0,0,0,0,0,0,1,0,0,0,0
1682,1998,3.812,0,0,0,0,1,0,0,1,0,0,0,0,0,0,0,1,0,0,0
1690,1997,2.922222222222222,1,0,0,0,0,0,0,0,0,0,1,0,0,0,0,1,0,0,0
1704,1997,4.078014184397163,0,0,0,0,0,0,0,1,0,0,0,0,0,0,1,0,0,0,0
1711,1997,3.1041666666666665,0,0,0,0,0,1,0,1,0,0,0,0,0,1,0,0,0,0,0
1717,1997,2.9193548387096775,0,0,0,0,1,0,0,0,0,0,1,0,0,1,0,0,1,0,0
1721,1997,3.414285714285714,0,0,0,0,0,0,0,1,0,0,0,0,0,0,1,0,0,0,0
1722,1997,3.066666666666667,1,1,0,0,0,0,0,0,0,0,0,0,0,0,0,0,1,0,0
1729,1997,3.6979166666666665,0,0,0,0,0,1,0,1,0,0,0,0,0,0,0,0,1,0,0
1732,1998,3.9245283018867925,0,0,0,0,1,1,0,0,0,0,0,0,0,0,0,0,0,0,0
1747,1997,3.338709677419355,0,0,0,0,1,0,0,0,0,0,0,0,0,0,0,0,0,0,0
1748,1998,3.8229166666666665,0,1,0,0,0,0,0,0,0,1,0,0,0,0,0,1,1,0,0
1777,1998,3.419642857142857,0,0,0,0,1,0,0,0,0,0,0,0,0,0,1,0,0,0,0
1779,1998,2.760869565217391,0,0,0,0,0,0,0,0,0,0,0,0,0,0,0,1,1,0,0
1784,1997,3.6979166666666665,0,0,0,0,1,0,0,1,0,0,0,0,0,0,1,0,0,0,0
1792,1998,3.0217391304347827,1,0,0,0,0,1,0,0,0,0,0,0,0,0,0,0,1,0,0
1801,1998,3.5,1,1,0,0,0,0,0,1,0,0,0,0,0,0,0,0,0,0,0
1805,1998,3.0161290322580645,0,0,0,0,0,1,0,1,0,0,0,0,0,1,0,0,1,0,0
1831,1998,2.4482758620689653,1,1,0,0,0,0,0,0,0,0,0,0,0,0,0,1,0,0,0
1876,1998,3.0697674418604652,0,0,0,0,0,0,0,1,0,0,0,0,0,0,0,1,1,0,0
1882,1998,1.9545454545454546,1,0,0,0,0,0,0,0,0,0,0,0,0,0,0,1,1,0,0
1883,1998,3.2708333333333335,0,0,0,0,1,0,0,1,0,0,0,0,0,0,1,0,0,0,0
1884,1998,3.967391304347826,0,1,0,0,1,0,0,1,0,0,0,0,0,0,0,0,0,0,0
1907,1998,3.566666666666667,0,1,1,1,1,0,0,1,0,0,0,0,1,0,1,0,0,0,0
1909,1998,3.4404761904761907,1,0,0,0,0,1,0,0,0,0,0,0,0,1,0,1,1,0,0
1911,1998,2.609375,0,0,0,0,1,0,0,0,0,0,0,0,0,0,0,0,0,0,0
1912,1998,3.859375,0,0,0,0,1,1,0,1,0,0,0,0,0,0,1,0,1,0,0
1917,1998,3.0543478260869565,1,0,0,0,0,0,0,0,0,0,0,0,0,0,1,1,1,0,0
1918,1998,2.8484848484848486,1,0,0,0,1,1,0,0,0,0,0,0,0,0,0,0,1,0,0
1921,1998,3.851063829787234,0,0,0,0,0,0,0,1,0,0,0,0,0,0,0,1,1,0,0
1923,1998,3.676190476190476,0,0,0,0,1,0,0,0,0,0,0,0,0,0,1,0,0,0,0
1945,1954,4.1875,0,0,0,0,0,1,0,1,0,0,0,0,0,0,0,0,0,0,0
1947,1961,3.6029411764705883,0,0,0,0,0,0,0,1,0,0,0,0,1,0,1,0,0,0,0
1952,1969,3.9545454545454546,0,0,0,0,0,0,0,1,0,0,0,0,0,0,0,0,0,0,0
1953,1971,3.871794871794872,1,0,0,0,0,1,0,0,0,0,0,0,0,0,0,0,1,0,0
1954,1976,3.828125,0,0,0,0,0,0,0,1,0,0,0,0,0,0,0,0,0,0,0
1958,1983,3.7954545454545454,0,0,0,0,1,0,0,1,0,0,0,0,0,0,0,0,0,0,0
1960,1987,3.6923076923076925,0,0,0,0,0,0,0,1,0,0,0,0,0,0,0,0,0,0,0
1961,1988,3.8072916666666665,0,0,0,0,0,0,0,1,0,0,0,0,0,0,0,0,0,0,0
1962,1989,3.739130434782609,0,0,0,0,0,0,0,1,0,0,0,0,0,0,0,0,0,0,0
1965,1984,3.380952380952381,0,0,0,0,1,0,0,0,0,0,0,0,0,0,0,1,0,0,0
1967,1986,3.8214285714285716,0,1,0,0,0,0,0,0,1,0,0,0,1,0,0,0,0,0,0
1968,1985,3.7787610619469025,0,0,0,0,1,0,0,1,0,0,0,0,0,0,0,0,0,0,0
1982,1978,3.7222222222222223,0,0,0,0,0,0,0,0,0,0,1,0,0,0,0,0,0,0,0
1994,1982,3.425531914893617,0,0,0,0,0,0,0,0,0,0,1,0,0,0,0,0,1,0,0
1997,1973,3.80188679245283,0,0,0,0,0,0,0,0,0,0,1,0,0,1,0,0,0,0,0
2000,1987,3.6733333333333333,1,0,0,0,1,1,0,1,0,0,0,0,0,0,0,0,0,0,0
2001,1989,3.1808510638297873,1,0,0,0,1,1,0,1,0,0,0,0,0,0,0,0,0,0,0
2002,1992,2.9347826086956523,1,0,0,0,1,1,0,1,0,0,0,0,0,0,0,0,0,0,0
2003,1984,3.3780487804878048,0,0,0,0,1,0,0,0,0,0,1,0,0,0,0,0,0,0,0
2005,1985,3.5701754385964914,1,1,0,1,1,0,0,0,1,0,0,0,0,0,0,0,0,0,0
2006,1998,3.1,1,0,0,0,1,0,0,0,0,0,0,0,0,0,1,0,0,0,0
2010,1927,3.857142857142857,0,0,0,0,0,0,0,1,0,0,0,0,0,0,0,1,0,0,0
2011,1989,3.5057471264367814,0,1,0,0,1,0,0,0,0,0,0,0,0,0,0,1,0,0,0
2012,1990,3.3693181818181817,0,1,0,0,1,0,0,0,0,0,0,0,0,0,0,1,0,0,1
2013,1972,3.0952380952380953,1,1,0,0,0,0,0,1,0,0,0,0,0,0,0,0,0,0,0
2018,1942,3.3684210526315788,0,0,1,1,0,0,0,1,0,0,0,0,0,0,0,0,0,0,0
2019,1954,4.1875,1,1,0,0,0,0,0,1,0,0,0,0,0,0,0,0,0,0,0
2020,1988,4.0,0,0,0,0,0,0,0,1,0,0,0,0,0,0,1,0,0,0,0
2021,1984,3.4324324324324325,0,1,0,0,0,0,0,0,0,0,0,0,0,0,0,1,0,0,0
2023,1990,3.3555555555555556,0,0,0,0,0,1,0,1,0,0,0,0,0,1,0,0,1,0,0
2028,1998,4.1462765957446805,1,0,0,0,0,0,0,1,0,0,0,0,0,0,0,0,0,1,0
2046,1986,3.2083333333333335,0,1,0,1,0,0,0,0,0,0,0,0,0,0,0,1,0,0,0
2052,1993,2.760869565217391,0,0,0,1,1,0,0,0,1,0,1,0,0,0,0,0,0,0,0
2054,1989,2.7573529411764706,0,1,0,1,1,0,0,0,1,0,0,0,0,0,0,1,0,0,0
2058,1998,3.35,1,0,0,0,0,1,0,1,0,0,0,0,0,1,0,0,1,0,0
2064,1989,3.838709677419355,0,0,0,0,0,0,1,0,0,0,0,0,0,0,0,0,0,0,0
2067,1965,4.142857142857143,0,0,0,0,0,0,0,1,0,0,0,0,0,0,1,0,0,1,0
2076,1986,3.9456521739130435,0,0,0,0,0,0,0,1,0,0,0,0,0,1,0,0,1,0,0
2078,1967,3.830188679245283,0,0,1,1,1,0,0,0,0,0,0,0,1,0,0,0,0,0,0
2080,1955,3.4,0,0,1,1,1,0,0,0,0,0,0,0,0,0,1,0,0,0,0
2081,1989,3.425373134328358,0,0,1,1,1,0,0,0,0,0,0,0,1,0,1,0,0,0,0
2082,1992,2.6538461538461537,0,0,0,1,1,0,0,0,0,0,0,0,0,0,0,0,0,0,0
2085,1961,3.4318181818181817,0,1,1,1,0,0,0,0,0,0,0,0,0,0,0,0,0,0,0
2087,1953,3.573170731707317,0,0,1,1,0,0,0,0,1,0,0,0,1,0,0,0,0,0,0
2094,1991,3.2564102564102564,1,1,0,0,0,0,0,0,0,0,0,0,0,0,0,1,0,0,0
2096,1959,3.409090909090909,0,0,1,1,0,0,0,0,0,0,0,0,1,0,0,0,0,0,0
2100,1984,3.1176470588235294,0,0,0,0,1,0,0,0,1,0,0,0,0,0,1,0,0,0,0
2105,1982,3.34,1,1,0,0,0,0,0,0,0,0,0,0,0,0,0,1,0,0,0
2108,1991,3.4791666666666665,0,0,0,0,1,0,0,0,0,0,0,0,0,0,1,0,0,0,0
2109,1979,3.3703703703703702,0,0,0,0,1,0,0,0,0,0,0,0,0,0,0,0,0,0,0
2115,1984,3.638888888888889,1,1,0,0,0,0,0,0,1,0,0,0,0,0,0,0,0,0,0
2124,1991,3.289473684210526,0,0,0,1,1,0,0,0,1,0,0,0,0,0,0,0,0,0,0
2125,1998,3.619047619047619,0,0,0,0,1,0,0,1,0,0,0,0,0,0,1,0,0,0,0
2134,1985,3.1136363636363638,0,0,0,0,1,0,0,0,1,0,0,0,0,0,0,1,0,0,0
2137,1973,3.5476190476190474,0,0,1,1,0,0,0,0,0,0,0,0,0,0,0,0,0,0,0
2139,1982,3.4761904761904763,0,1,1,1,0,0,0,1,0,0,0,0,0,0,0,0,0,0,0
2140,1982,3.5441176470588234,0,1,0,0,0,0,0,0,1,0,0,0,0,0,0,0,0,0,0
2144,1984,3.6020408163265305,0,0,0,0,1,0,0,0,0,0,0,0,0,0,1,0,0,0,0
2145,1986,3.242424242424242,0,0,0,0,1,0,0,1,0,0,0,0,0,0,1,0,0,0,0
2150,1980,3.892857142857143,0,1,0,0,1,0,0,0,0,0,0,0,0,0,0,0,0,0,0
2160,1968,4.171875,0,0,0,0,0,0,0,1,0,0,1,0,0,0,0,0,1,0,0
2161,1984,3.5813953488372094,0,1,0,1,0,0,0,0,1,0,0,0,0,0,0,0,0,0,0
2167,1998,3.3620689655172415,1,0,0,0,0,0,0,0,0,0,1,0,0,0,0,0,1,0,0
2174,1988,3.4725274725274726,0,0,0,0,1,0,0,0,1,0,0,0,0,0,0,0,0,0,0
2186,1951,3.98,0,0,0,0,0,1,0,1,0,1,0,0,0,0,0,0,1,0,0
2193,1988,3.3375,1,1,0,0,0,0,0,0,1,0,0,0,0,0,0,0,0,0,0
2194,1987,3.9384615384615387,1,0,0,0,0,1,0,1,0,0,0,0,0,0,0,0,0,0,0
2231,1998,3.861111111111111,0,0,0,0,0,0,0,1,0,0,0,0,0,0,0,0,0,0,0
2232,1997,3.425925925925926,0,0,0,0,0,0,0,0,0,0,1,0,0,1,0,1,1,0,0
2243,1987,3.4285714285714284,0,0,0,0,1,0,0,1,0,0,0,0,0,0,1,0,0,0,0
2245,1988,3.2045454545454546,0,0,0,0,1,0,0,1,0,0,0,0,0,0,1,0,0,0,0
2248,1989,3.923076923076923,0,0,0,0,1,0,0,1,0,0,0,0,0,0,1,0,0,0,0
2268,1992,3.789473684210526,0,0,0,0,0,1,0,1,0,0,0,0,0,0,0,0,1,0,0
2273,1998,3.261904761904762,1,0,0,0,1,1,0,0,0,0,0,0,0,0,0,0,1,0,0
2278,1998,3.5232558139534884,1,0,0,0,0,1,0,0,0,0,0,0,0,0,0,0,1,0,0
2288,1982,3.933333333333333,1,0,0,0,0,0,0,0,0,0,1,0,0,0,0,1,1,0,0
2289,1992,3.9473684210526314,0,0,0,0,1,1,0,1,0,0,0,0,0,0,0,0,0,0,0
2291,1990,3.7,0,0,0,0,0,0,0,1,1,0,0,0,0,0,1,0,0,0,0
2294,1998,3.2444444444444445,0,1,1,1,1,0,0,0,1,0,0,0,0,0,0,0,0,0,0
2300,1968,3.9696969696969697,0,0,0,0,1,0,0,0,0,0,0,0,0,0,0,0,0,0,0
2302,1992,3.26271186440678,0,0,0,0,1,0,0,0,0,0,0,0,0,0,0,0,0,0,0
2321,1998,3.4836065573770494,0,0,0,0,1,0,0,1,1,0,0,0,0,0,0,0,0,0,0
2324,1997,4.1477272727272725,0,0,0,0,1,0,0,1,0,0,0,0,0,0,1,0,0,1,0
2329,1998,4.217054263565892,0,0,0,0,0,1,0,1,0,0,0,0,0,0,0,0,0,0,0
2335,1998,3.1785714285714284,0,0,0,0,1,0,0,0,0,0,0,0,0,0,0,0,0,0,0
2336,1998,3.6739130434782608,0,0,0,0,0,0,0,1,0,0,0,0,0,0,0,0,0,0,0
2352,1983,3.84,0,0,0,0,1,0,0,1,0,0,0,0,0,0,0,0,0,0,0
2353,1998,3.4925373134328357,1,0,0,0,0,0,0,0,0,0,0,0,0,0,0,0,1,0,0
2355,1998,3.516304347826087,0,1,1,1,1,0,0,0,0,0,0,0,0,0,0,0,0,0,0
2359,1998,3.673076923076923,0,0,0,0,1,0,0,0,0,0,0,0,0,0,0,0,0,0,0
2366,1933,3.64,1,1,0,0,0,0,0,0,1,0,1,0,0,0,0,0,0,0,0
2369,1985,2.6666666666666665,0,0,0,0,1,0,0,1,0,0,0,0,0,0,1,0,0,0,0
2371,1985,3.0833333333333335,0,0,0,0,1,1,0,0,0,0,0,0,0,1,0,0,0,0,0
2375,1986,2.9285714285714284,0,0,0,0,1,0,0,0,0,0,0,0,0,0,0,0,0,0,0
2376,1985,3.2142857142857144,1,1,0,0,0,0,0,0,0,0,0,0,0,0,0,0,1,0,0
2378,1984,3.022727272727273,0,0,0,0,1,1,0,0,0,0,0,0,0,0,0,0,0,0,0
2384,1998,2.7758620689655173,0,1,0,1,0,0,0,1,0,0,0,0,0,0,0,0,0,0,0
2391,1998,3.7954545454545454,0,0,0,0,0,1,0,1,0,0,0,0,0,0,0,0,1,0,0
2393,1998,3.1515151515151514,1,0,0,0,0,0,0,1,0,0,0,0,0,0,1,1,0,0,0
2394,1998,3.5,0,0,1,0,0,0,0,0,0,0,0,0,1,0,0,0,0,0,0
2395,1998,3.544642857142857,0,0,0,0,1,0,0,1,0,0,0,0,0,0,0,0,0,0,0
2396,1998,3.777173913043478,0,0,0,0,1,0,0,1,0,0,0,0,0,0,1,0,0,0,0
2403,1982,3.55,1,1,0,0,0,0,0,1,0,0,0,0,0,0,0,0,1,0,0
2405,1985,2.8095238095238093,1,1,0,0,1,0,0,0,0,0,0,0,0,0,1,0,0,0,0
2406,1984,3.4537037037037037,1,1,0,0,1,0,0,0,0,0,0,0,0,0,1,0,0,0,0
2407,1985,3.2674418604651163,0,0,0,0,1,0,0,0,0,0,0,0,0,0,0,1,0,0,0
2409,1979,3.1923076923076925,1,0,0,0,0,0,0,1,0,0,0,0,0,0,0,0,0,0,0
2410,1982,2.7291666666666665,1,0,0,0,0,0,0,1,0,0,0,0,0,0,0,0,0,0,0
2411,1985,2.706896551724138,1,0,0,0,0,0,0,1,0,0,0,0,0,0,0,0,0,0,0
2420,1984,3.5657894736842106,0,0,0,0,0,0,0,1,0,0,0,0,0,0,0,0,0,0,0
2421,1986,2.7758620689655173,1,1,0,0,0,0,0,1,0,0,0,0,0,0,0,0,0,0,0
2423,1989,3.566666666666667,0,0,0,0,1,0,0,0,0,0,0,0,0,0,0,0,0,0,0
2424,1998,3.12,0,0,0,0,1,0,0,0,0,0,0,0,0,0,1,0,0,0,0
2427,1998,3.3,1,0,0,0,0,0,0,1,0,0,0,0,0,0,0,0,0,1,0
2428,1998,2.4782608695652173,0,0,0,0,0,0,0,0,0,0,1,0,0,0,0,1,0,0,0
2431,1998,3.3703703703703702,0,0,0,0,1,0,0,1,0,0,0,0,0,0,0,0,0,0,0
2455,1986,3.383720930232558,0,0,0,0,0,0,0,1,0,0,1,0,0,0,0,1,1,0,0
2470,1986,3.175438596491228,0,1,0,0,1,0,0,0,0,0,0,0,0,0,0,0,0,0,0
2471,1988,2.4791666666666665,1,1,0,0,1,0,0,0,0,0,0,0,0,0,0,0,0,0,0
2478,1986,3.1346153846153846,0,0,0,0,1,0,0,0,0,0,0,0,0,0,0,0,0,0,1
2485,1999,2.8448275862068964,0,0,0,0,1,0,0,0,0,0,0,0,0,0,1,0,0,0,0
2490,1999,3.422222222222222,1,0,0,0,0,0,0,0,0,0,0,0,0,0,0,0,1,0,0
2496,1999,3.108695652173913,0,0,0,0,1,0,0,0,0,0,0,0,0,0,1,0,0,0,0
2501,1999,3.75,0,0,0,0,0,0,0,1,0,0,0,0,0,0,0,0,0,0,0
2502,1999,4.090425531914893,0,0,0,0,1,1,0,0,0,0,0,0,0,0,0,0,0,0,0
2528,1976,3.2291666666666665,1,1,0,0,0,0,0,0,0,0,0,0,0,0,0,1,0,0,0
2529,1968,3.8035714285714284,1,0,0,0,0,0,0,1,0,0,0,0,0,0,0,1,0,0,0
2539,1999,3.095744680851064,0,0,0,0,1,0,0,0,0,0,0,0,0,0,0,0,0,0,0
2541,1999,3.225,0,0,0,0,0,0,0,1,0,0,0,0,0,0,0,0,0,0,0
2542,1998,4.052238805970149,0,0,0,0,1,1,0,0,0,0,0,0,0,0,0,0,1,0,0
2571,1999,4.192446043165468,1,0,0,0,0,0,0,0,0,0,0,0,0,0,0,1,1,0,0
2572,1999,3.5277777777777777,0,0,0,0,1,0,0,0,0,0,0,0,0,0,1,0,0,0,0
2580,1999,3.9615384615384617,0,0,0,0,1,1,0,0,0,0,0,0,0,0,0,0,0,0,0
2581,1999,2.9583333333333335,0,0,0,0,1,0,0,0,0,0,0,0,0,0,1,0,0,0,0
2598,1999,2.84,0,0,0,0,1,0,0,0,0,0,0,0,0,0,0,0,0,0,0
2599,1999,3.6607142857142856,0,0,0,0,1,0,0,0,0,0,0,0,0,0,0,0,0,0,0
2600,1999,3.8636363636363638,1,0,0,0,0,0,0,0,0,0,0,0,0,0,0,1,1,0,0
2605,1999,2.988372093023256,0,0,0,0,0,1,0,0,0,0,0,0,0,0,0,0,1,0,0
2616,1990,2.8846153846153846,1,0,0,0,0,1,0,0,0,0,0,0,0,0,0,0,0,0,0
2617,1999,3.1206896551724137,1,1,0,0,1,0,0,0,1,0,1,0,0,0,0,0,1,0,0
2628,1999,3.107142857142857,1,1,0,0,0,0,0,0,0,0,0,0,0,0,0,1,0,0,0
2640,1978,3.6065573770491803,1,1,0,0,0,0,0,0,0,0,0,0,0,0,0,1,0,0,0
2641,1980,3.020408163265306,1,0,0,0,0,0,0,0,0,0,0,0,0,0,0,1,0,0,0
2642,1983,2.25,1,1,0,0,0,0,0,0,0,0,0,0,0,0,0,1,0,0,0
2657,1975,3.3412698412698414,0,0,0,0,1,0,0,0,0,0,1,0,1,0,0,1,0,0,0
2671,1999,3.455357142857143,0,0,0,0,1,0,0,0,0,0,0,0,0,0,1,0,0,0,0
2683,1999,3.1983471074380163,1,1,0,0,1,0,0,0,0,0,0,0,0,0,0,0,0,0,0
2687,1999,3.4583333333333335,0,1,1,1,0,0,0,1,0,0,0,0,0,0,0,0,0,0,0
2692,1998,4.0,1,0,0,0,0,1,0,0,0,0,0,0,0,0,0,0,0,0,0
2694,1999,3.1979166666666665,0,0,0,0,1,0,0,0,0,0,0,0,0,0,0,0,0,0,0
2699,1990,2.811320754716981,0,0,0,0,1,0,0,0,0,0,1,0,0,0,0,0,0,0,0
2700,1999,3.861842105263158,0,0,1,0,1,0,0,0,0,0,0,0,1,0,0,0,0,0,0
2701,1999,2.207547169811321,1,0,0,0,1,0,0,0,0,0,0,0,0,0,0,1,0,0,1
2706,1999,3.378640776699029,0,0,0,0,1,0,0,0,0,0,0,0,0,0,1,0,0,0,0
2707,1999,3.272727272727273,0,0,0,0,0,0,0,0,0,0,0,0,0,0,0,0,1,0,0
2710,1999,2.796875,0,0,0,0,0,0,0,1,0,0,1,0,0,0,0,0,1,0,0
2712,1999,3.4622641509433962,0,0,0,0,0,0,0,1,0,0,0,0,0,1,0,0,1,0,0
2716,1984,3.775,1,0,0,0,1,0,0,0,0,0,0,0,0,0,0,1,0,0,0
2717,1989,3.0,0,0,0,0,1,0,0,0,1,0,0,0,0,0,0,1,0,0,0
2720,1999,2.0952380952380953,1,1,0,1,1,0,0,0,0,0,0,0,0,0,0,0,0,0,0
2722,1999,2.7758620689655173,1,0,0,0,0,0,0,0,0,0,1,0,0,0,0,1,1,0,0
2723,1999,3.08974358974359,1,0,0,0,1,0,0,0,1,0,0,0,0,0,0,0,0,0,0
2724,1999,2.8333333333333335,0,0,0,0,1,0,0,0,0,0,0,0,0,0,1,0,0,0,0
2746,1986,3.3333333333333335,0,0,0,0,1,0,0,0,0,0,1,0,1,0,0,0,0,0,0
2761,1999,4.051282051282051,0,1,1,1,0,0,0,1,0,0,0,0,0,0,0,1,0,0,0
2762,1999,3.893854748603352,0,0,0,0,0,0,0,1,0,0,1,0,0,1,0,0,0,0,0
2763,1999,3.6458333333333335,1,0,0,0,0,0,0,0,0,0,0,0,0,1,0,0,0,0,0
2770,1999,2.960526315789474,0,0,0,0,1,0,0,0,0,0,0,0,0,0,0,0,0,0,0
2788,1971,4.053571428571429,0,0,0,0,1,0,0,0,0,0,0,0,0,0,0,0,0,0,0
2791,1980,3.8563218390804597,0,0,0,0,1,0,0,0,0,0,0,0,0,0,0,0,0,0,0
2795,1983,3.6538461538461537,0,0,0,0,1,0,0,0,0,0,0,0,0,0,0,0,0,0,0
2797,1988,3.71978021978022,0,0,0,0,1,0,0,1,1,0,0,0,0,0,1,0,0,0,0
2804,1983,3.9727272727272727,0,0,0,1,1,0,0,0,0,0,0,0,0,0,0,0,0,0,0
2805,1999,3.0,0,0,0,0,1,0,0,0,0,0,0,0,0,0,1,0,0,0,0
2826,1999,2.9038461538461537,1,1,0,0,0,0,0,0,1,0,0,0,0,0,0,0,0,0,0
2840,1999,2.869565217391304,0,0,0,0,0,0,0,1,0,0,0,0,0,0,0,0,1,0,0
2858,1999,4.056372549019608,0,0,0,0,0,0,0,1,0,0,0,0,0,0,1,0,0,0,0
2871,1972,3.9,0,1,0,0,0,0,0,1,0,0,0,0,0,0,0,0,1,0,0
2872,1981,3.64,0,1,0,0,0,0,0,0,1,0,0,0,0,0,0,0,0,0,0
2890,1999,3.7111111111111112,1,1,0,0,1,0,0,1,0,0,0,0,0,0,0,0,0,1,0
2908,1999,3.551282051282051,0,0,0,0,0,0,0,1,0,0,0,0,0,0,0,0,0,0,0
2915,1983,3.4404761904761907,0,0,0,0,1,0,0,0,0,0,0,0,0,0,0,0,0,0,0
2916,1990,3.653409090909091,1,1,0,0,0,0,0,0,0,0,0,0,0,0,0,1,1,0,0
2918,1986,3.8394495412844036,0,0,0,0,1,0,0,0,0,0,0,0,0,0,0,0,0,0,0
2944,1967,3.96875,1,0,0,0,0,0,0,1,0,0,0,0,0,0,0,0,0,1,0
2947,1964,3.839622641509434,1,1,0,0,0,0,0,0,0,0,0,0,0,0,0,0,1,0,0
2948,1963,3.75,1,1,0,0,0,0,0,0,0,0,0,0,0,0,0,0,1,0,0
2949,1962,3.712121212121212,1,1,0,0,0,0,0,0,0,0,0,0,0,0,0,0,1,0,0
2951,1964,3.9358974358974357,1,0,0,0,0,0,0,0,0,0,0,0,0,0,0,0,0,0,1
2953,1992,2.5161290322580645,0,0,0,1,1,0,0,0,0,0,0,0,0,0,0,0,0,0,0
2959,1999,4.272935779816514,1,0,0,0,0,1,0,1,0,0,0,0,0,0,0,0,1,0,0
2968,1981,3.731707317073171,0,1,0,0,1,0,0,0,1,0,0,0,0,0,0,1,0,0,0
2985,1987,3.3714285714285714,1,0,0,0,0,1,0,1,0,0,0,0,0,0,0,1,1,0,0
2986,1990,2.64,1,0,0,0,0,1,0,0,0,0,0,0,0,0,0,1,1,0,0
2987,1988,3.5721649484536084,0,1,1,1,1,1,0,0,1,0,0,0,0,1,0,0,0,0,0
2989,1981,3.5476190476190474,1,1,0,0,0,0,0,0,0,0,0,0,0,0,0,0,1,0,0
2991,1973,3.6956521739130435,1,1,0,0,0,0,0,0,0,0,0,0,0,0,0,0,1,0,0
2993,1965,3.4791666666666665,1,1,0,0,0,0,0,0,0,0,0,0,0,0,0,0,1,0,0
2997,1999,3.9545454545454546,0,0,0,0,1,0,0,1,1,0,0,0,0,0,0,0,0,0,0
3000,1997,3.9583333333333335,1,1,1,0,0,0,0,1,1,0,0,0,0,0,0,0,0,0,0
3005,1999,2.84,0,0,0,0,0,0,0,0,0,0,0,0,0,0,0,0,1,0,0
3006,1999,3.7419354838709675,0,0,0,0,0,0,0,1,0,0,0,0,0,0,0,0,1,0,0
3033,1987,3.483050847457627,0,0,0,0,1,0,0,0,0,0,0,0,0,0,0,1,0,0,0
3034,1973,3.513888888888889,0,1,1,1,1,0,0,0,0,0,0,0,1,0,0,0,0,0,0
3037,1970,4.145833333333333,0,0,0,0,0,0,0,0,0,0,0,0,0,0,0,0,0,0,1
3039,1983,3.730769230769231,0,0,0,0,1,0,0,0,0,0,0,0,0,0,0,0,0,0,0
3052,1999,3.6455696202531644,0,1,0,0,1,0,0,0,1,0,0,0,0,0,0,0,0,0,0
3070,1984,3.5476190476190474,0,1,0,0,1,0,0,0,0,0,0,0,0,0,0,1,0,0,0
3072,1987,3.5555555555555554,0,0,0,0,1,0,0,0,0,0,0,0,0,0,1,0,0,0,0
3081,1999,3.475806451612903,0,0,0,0,0,0,0,0,1,0,1,0,0,1,1,0,0,0,0
3082,1999,3.3333333333333335,1,1,0,0,0,0,0,0,0,0,0,0,0,0,0,0,1,0,0
3087,1988,3.1666666666666665,0,0,0,0,1,0,0,0,1,0,0,0,0,0,1,0,0,0,0
3098,1984,3.6458333333333335,0,0,0,0,0,0,0,1,0,0,0,0,0,0,0,0,0,0,0
3100,1992,3.9318181818181817,0,0,0,0,0,0,0,1,0,0,0,0,0,0,0,0,0,0,0
3101,1987,3.0972222222222223,0,0,0,0,0,0,0,1,0,0,0,0,0,0,0,0,1,0,0
3104,1988,3.6363636363636362,1,0,0,0,1,1,0,0,0,0,0,0,0,0,0,0,1,0,0
3105,1990,3.6818181818181817,0,0,0,0,0,0,0,1,0,0,0,0,0,1,0,0,0,0,0
3107,1991,3.3043478260869565,1,0,0,0,0,0,0,1,0,0,0,0,0,0,0,0,0,0,0
3108,1991,3.8055555555555554,0,0,0,0,1,0,0,1,1,0,0,0,0,0,1,0,0,0,0
3114,1999,3.8608247422680413,0,1,1,1,1,0,0,0,1,0,0,0,0,0,0,0,0,0,0
3147,1999,4.148648648648648,0,0,0,0,0,1,0,1,0,0,0,0,0,0,0,0,0,0,0
3148,1999,3.75,0,0,0,0,0,0,0,1,0,0,0,0,0,0,0,0,0,0,0
3160,1999,3.7115384615384617,0,0,0,0,0,0,0,1,0,0,0,0,0,0,0,0,0,0,0
3168,1969,3.603448275862069,0,1,0,0,0,0,0,1,0,0,0,0,0,0,0,0,0,0,0
3174,1999,3.4871794871794872,0,0,0,0,1,0,0,1,0,0,0,0,0,0,0,0,0,0,0
3175,1999,3.58,0,1,0,0,1,0,0,0,0,0,0,0,0,0,0,1,0,0,0
3176,1999,3.336734693877551,0,0,0,0,0,0,0,1,0,0,0,0,0,1,0,0,1,0,0
3186,1999,3.4642857142857144,0,0,0,0,0,0,0,1,0,0,0,0,0,0,0,0,0,0,0
3210,1982,3.4761904761904763,0,0,0,0,1,0,0,1,0,0,0,0,0,0,1,0,0,0,0
3247,1992,3.0277777777777777,0,0,0,0,1,1,0,0,0,0,0,0,0,0,0,0,0,0,0
3252,1992,3.5925925925925926,0,0,0,0,0,0,0,1,0,0,0,0,0,0,0,0,0,0,0
3253,1992,3.4754098360655736,0,0,0,0,1,0,0,0,0,0,0,0,0,0,0,0,0,0,0
3254,1993,3.2962962962962963,0,0,0,0,1,0,0,0,0,0,0,0,0,0,0,0,0,0,0
3255,1992,3.466666666666667,0,0,0,0,1,0,0,1,0,0,0,0,0,0,0,0,0,0,0
3256,1992,3.5161290322580645,1,0,0,0,0,1,0,1,0,0,0,0,0,0,0,0,1,0,0
3257,1992,2.859375,0,0,0,0,0,0,0,1,0,0,0,0,0,0,1,0,1,0,0
3263,1992,3.0454545454545454,0,0,0,0,1,0,0,1,0,0,0,0,0,0,0,0,0,0,0
3264,1992,2.423076923076923,1,0,0,0,1,0,0,0,0,0,1,0,0,0,0,0,0,0,0
3269,1992,2.8518518518518516,0,0,0,0,0,0,0,1,0,0,0,0,0,0,1,1,0,0,0
3273,2000,2.6724137931034484,0,0,0,0,1,0,0,0,0,0,1,0,0,1,0,0,1,0,0
3275,2000,4.22093023255814,1,0,0,0,0,1,0,1,0,0,0,0,0,0,0,0,1,0,0
3285,2000,3.0625,0,1,0,0,0,0,0,1,0,0,0,0,0,0,0,0,0,0,0
3298,2000,3.7142857142857144,0,0,0,0,0,1,0,1,0,0,0,0,0,0,0,0,1,0,0
3300,2000,3.5641025641025643,0,0,0,0,0,0,0,0,0,0,1,0,0,0,0,1,1,0,0
3301,2000,3.5238095238095237,0,0,0,0,1,1,0,0,0,0,0,0,0,0,0,0,0,0,0
3317,2000,3.659090909090909,0,0,0,0,1,0,0,1,0,0,0,0,0,0,0,0,0,0,0
3354,2000,2.6904761904761907,0,0,0,0,0,0,0,0,0,0,0,0,0,0,0,1,0,0,0
3360,1986,3.7045454545454546,0,0,0,0,0,0,0,1,0,0,0,0,0,0,1,0,0,0,0
3361,1988,3.6714285714285713,0,0,0,0,1,0,0,1,0,0,0,0,0,0,1,0,0,0,0
3362,1975,3.9342105263157894,0,0,0,0,0,1,0,1,0,0,0,0,0,0,0,0,0,0,0
3363,1973,3.8488372093023258,0,0,0,0,1,0,0,1,0,0,0,0,0,0,0,0,0,0,0
3386,1991,3.5,0,0,0,0,0,0,0,1,0,0,0,0,0,1,0,0,1,0,0
3396,1979,3.590909090909091,0,1,0,1,1,0,0,0,0,0,0,0,1,0,0,0,0,0,0
3408,2000,3.5285714285714285,0,0,0,0,0,0,0,1,0,0,0,0,0,0,0,0,0,0,0
3409,2000,2.9285714285714284,0,0,0,0,0,0,0,1,0,0,0,0,0,0,0,0,1,0,0
3418,1991,3.4634146341463414,0,1,0,0,0,1,0,1,0,0,0,0,0,0,0,0,0,0,0
3421,1978,3.693548387096774,0,0,0,0,1,0,0,0,0,0,0,0,0,0,0,0,0,0,0
3424,1989,4.037037037037037,0,0,0,0,0,0,0,1,0,0,0,0,0,0,0,0,0,0,0
3438,1990,3.0,1,0,0,1,1,0,0,0,1,0,0,0,0,0,0,1,0,0,0
3448,1987,3.802325581395349,0,0,0,0,1,0,0,1,0,0,0,0,0,0,0,0,0,1,0
3450,1993,3.293103448275862,0,0,0,0,1,0,0,0,0,0,0,0,0,0,0,0,0,0,0
3462,1936,3.72,0,0,0,0,1,0,0,1,0,0,0,0,0,0,1,0,0,0,0
3471,1977,3.7416666666666667,0,1,0,0,0,0,0,1,0,0,0,0,0,0,0,1,0,0,0
3476,1990,3.5576923076923075,0,0,0,0,0,0,0,0,0,0,1,0,0,1,0,0,0,0,0
3481,2000,3.6666666666666665,0,0,0,0,1,0,0,1,0,0,0,0,0,0,1,0,0,0,0
3489,1991,3.358490566037736,0,1,0,0,1,0,0,0,1,0,0,0,0,0,0,0,0,0,0
3499,1990,3.840909090909091,0,0,0,0,0,0,0,1,0,0,1,0,0,0,0,0,1,0,0
3504,1976,4.0227272727272725,0,0,0,0,1,0,0,1,0,0,0,0,0,0,0,0,0,0,0
3510,2000,3.4166666666666665,0,0,0,0,0,0,0,1,0,0,0,0,0,0,0,0,1,0,0
3527,1987,3.581967213114754,1,0,0,0,0,0,0,0,0,0,0,0,0,0,0,1,1,0,0
3534,2000,3.3,0,0,0,0,0,0,0,1,0,0,0,0,0,0,0,0,0,0,0
3535,2000,3.788135593220339,0,0,0,0,0,1,0,0,0,0,1,0,0,1,0,0,1,0,0
3536,2000,3.4523809523809526,0,0,0,0,1,0,0,1,0,0,0,0,0,0,1,0,0,0,0
3552,1980,3.826923076923077,0,0,0,0,1,0,0,0,0,0,0,0,0,0,0,0,0,0,0
3555,2000,3.4242424242424243,1,0,0,0,0,0,0,0,0,0,0,0,0,0,0,0,1,1,0
3556,1999,3.769230769230769,0,0,0,0,0,0,0,1,0,0,0,0,0,0,1,0,0,0,0
3578,2000,3.9382352941176473,1,1,0,0,0,0,0,1,0,0,0,0,0,0,0,0,0,0,0
3608,1985,2.94,0,1,0,0,1,0,0,0,0,0,0,0,0,0,0,0,0,0,0
3617,2000,3.0853658536585367,0,0,0,0,1,0,0,0,0,0,0,0,0,0,0,0,0,0,0
3623,2000,2.7142857142857144,1,1,0,0,0,0,0,0,0,0,0,0,0,0,0,0,1,0,0
3624,2000,3.1511627906976742,1,1,0,0,1,0,0,0,0,0,0,0,0,0,0,0,0,0,1
3638,1979,3.1346153846153846,1,1,0,0,0,0,0,0,0,0,0,0,0,0,0,1,1,0,0
3671,1974,3.935483870967742,0,0,0,0,1,0,0,0,0,0,0,0,0,0,0,0,0,0,1
3681,1965,4.151515151515151,1,0,0,0,0,0,0,1,0,0,0,0,0,0,0,0,1,0,1
3697,1990,2.9047619047619047,1,0,0,0,0,0,0,0,0,0,0,0,0,0,0,1,1,0,0
3698,1987,3.2205882352941178,1,0,0,0,0,0,0,0,0,0,0,0,0,0,0,1,0,0,0
3702,1979,3.486842105263158,1,1,0,0,0,0,0,0,0,0,0,0,0,0,0,1,0,0,0
3703,1981,4.0375,1,1,0,0,0,0,0,0,0,0,0,0,0,0,0,1,1,0,0
3704,1985,3.2708333333333335,1,1,0,0,0,0,0,0,0,0,0,0,0,0,0,1,0,0,0
3717,2000,3.221311475409836,1,0,0,0,0,1,0,0,0,0,0,0,0,0,0,0,0,0,0
3740,1986,3.857142857142857,1,1,0,0,1,0,0,0,1,0,0,0,0,0,0,0,0,0,0
3745,2000,3.413793103448276,1,1,1,1,0,0,0,0,0,0,0,0,0,0,0,1,0,0,0
3751,2000,3.551282051282051,0,0,1,1,1,0,0,0,0,0,0,0,0,0,0,0,0,0,0
3752,2000,3.0869565217391304,0,1,0,0,1,0,0,0,0,0,0,0,0,0,0,0,0,0,0
3753,2000,3.448529411764706,1,0,0,0,0,0,0,1,0,0,0,0,0,0,0,0,0,1,0
3755,2000,3.1704545454545454,0,0,0,0,0,0,0,1,0,0,0,0,0,0,0,0,1,0,0
3785,2000,2.92,0,0,0,0,1,0,0,0,0,0,1,0,0,0,0,0,0,0,0
3793,2000,3.699248120300752,1,1,0,0,0,0,0,0,0,0,0,0,0,0,0,1,0,0,0
3798,2000,3.2,0,0,0,0,0,0,0,1,0,0,1,0,0,1,0,0,0,0,0
3809,1991,3.2714285714285714,0,0,0,0,1,0,0,0,0,0,0,0,0,0,0,0,0,0,0
3825,2000,2.7413793103448274,0,0,0,0,1,0,0,1,0,0,0,0,0,0,1,0,0,0,0
3826,2000,2.2948717948717947,0,0,0,0,0,0,0,0,0,0,1,0,0,0,0,1,1,0,0
3827,2000,2.891304347826087,1,1,0,0,1,0,0,0,0,0,0,0,0,0,0,1,0,0,0
3863,2000,3.0444444444444443,0,0,0,0,0,0,0,1,0,0,1,0,0,0,0,0,1,0,0
3868,1988,3.4047619047619047,1,0,0,0,1,1,0,0,0,0,0,0,0,0,1,0,0,0,0
3869,1991,3.423076923076923,0,0,0,0,1,0,0,0,0,0,0,0,0,0,0,0,0,0,0
3882,2000,2.6911764705882355,0,0,0,0,1,0,0,0,0,0,0,0,0,0,0,0,0,0,0
3897,2000,3.8674698795180724,0,0,0,0,0,0,0,1,0,0,0,0,0,0,0,0,0,0,0
3911,2000,3.688679245283019,0,0,0,0,1,0,0,0,0,0,0,0,0,0,0,0,0,0,0
3916,2000,3.7439024390243905,0,0,0,0,0,0,0,1,0,0,0,0,0,0,0,0,0,0,0
3948,2000,3.4175824175824174,0,0,0,0,1,0,0,0,0,0,0,0,0,0,0,0,0,0,0
3949,2000,3.921875,0,0,0,0,0,0,0,1,0,0,0,0,0,0,0,0,0,0,0
3967,2000,3.8513513513513513,0,0,0,0,0,0,0,1,0,0,0,0,0,0,0,0,0,0,0
3968,2000,3.074074074074074,0,0,0,0,1,0,0,0,0,0,0,0,0,0,0,0,0,0,0
3969,2000,3.4423076923076925,0,0,0,0,0,0,0,1,0,0,0,0,0,0,0,0,0,0,0
3977,2000,2.7222222222222223,1,0,0,0,1,0,0,0,0,0,0,0,0,0,0,0,0,0,0
3979,2000,2.5,0,0,0,0,1,0,0,0,0,0,0,0,0,0,0,0,0,0,0
3984,1971,3.5,1,1,0,0,0,0,0,0,0,0,0,0,0,0,0,0,1,0,0
3988,2000,3.0454545454545454,0,0,0,1,1,0,0,0,1,0,0,0,0,0,0,0,0,0,0
3994,2000,3.4794520547945207,0,0,0,0,0,0,0,1,0,0,0,0,0,0,0,1,0,0,0
3996,2000,3.8363636363636364,1,0,0,0,0,0,0,1,0,0,0,0,0,0,1,0,0,0,0
4002,1987,3.8518518518518516,0,0,0,0,1,0,0,0,0,0,0,0,0,0,0,0,0,0,0
4011,2000,4.155913978494624,0,0,0,0,1,1,0,0,0,0,0,0,0,0,0,0,1,0,0
4014,2000,3.521276595744681,0,0,0,0,0,0,0,1,0,0,0,0,0,0,1,0,0,0,0
4015,2000,2.727272727272727,0,0,0,0,1,0,0,0,0,0,0,0,0,0,0,1,0,0,0
4016,2000,3.7162162162162162,0,1,1,1,1,0,0,0,1,0,0,0,0,0,0,0,0,0,0
4018,2000,3.138888888888889,0,0,0,0,1,0,0,0,0,0,0,0,0,0,1,0,0,0,0
4019,2000,3.7142857142857144,0,0,0,0,0,0,0,1,0,0,0,0,0,0,0,0,0,0,0
4022,2000,3.7,0,0,0,0,0,0,0,1,0,0,0,0,0,0,0,0,0,0,0
4023,2000,3.130434782608696,0,0,0,0,1,0,0,1,0,0,0,0,0,0,1,0,0,0,0
4025,2000,3.0546875,0,0,0,0,1,1,0,0,0,0,0,0,0,0,0,0,0,0,0
4027,2000,3.8085106382978724,0,1,0,0,1,1,0,0,0,0,0,0,0,0,0,0,0,0,0
4034,2000,3.9,0,0,0,0,0,1,0,1,0,0,0,0,0,0,0,0,1,0,0
4069,2001,2.909090909090909,0,0,0,0,1,0,0,0,0,0,0,0,0,0,1,0,0,0,0
4085,1984,3.402173913043478,1,0,0,0,1,1,0,1,0,0,0,0,0,0,0,0,0,0,0
4105,1981,3.8181818181818183,0,0,0,0,0,0,0,0,1,0,1,0,0,0,0,0,1,0,0
4128,1987,3.7115384615384617,0,0,0,0,1,0,0,0,0,0,1,0,0,0,0,0,1,0,0
4148,2001,2.9358974358974357,0,0,0,0,0,0,0,0,0,0,1,0,0,0,0,0,1,0,0
4161,2001,3.347826086956522,1,0,0,0,1,0,0,0,0,0,0,0,0,0,0,0,0,0,0
4223,2001,3.5125,0,0,0,0,0,0,0,1,0,0,0,0,0,0,0,0,0,1,0
4226,2000,4.122641509433962,0,0,0,0,0,0,0,0,0,0,0,0,0,1,0,0,1,0,0
4232,2001,2.9464285714285716,1,1,0,1,1,0,0,0,0,0,0,0,0,0,0,0,0,0,0
4235,2000,3.9347826086956523,0,0,0,0,0,0,0,1,0,0,0,0,0,0,0,0,1,0,0
4239,2001,3.8137254901960786,0,0,0,0,0,1,0,1,0,0,0,0,0,0,0,0,0,0,0
4246,2001,3.623076923076923,0,0,0,0,1,0,0,1,0,0,0,0,0,0,1,0,0,0,0
4247,2001,2.380952380952381,0,1,0,0,1,0,0,0,0,0,0,0,0,1,1,0,0,0,0
4262,1983,3.9328358208955225,1,0,0,0,0,1,0,1,0,0,0,0,0,0,0,0,0,0,0
4270,2001,3.088888888888889,1,1,0,0,1,0,0,0,0,0,0,0,0,0,0,0,1,0,0
4299,2001,3.341463414634146,1,0,0,0,1,0,0,0,0,0,0,0,0,0,1,0,0,0,0
4306,2001,3.8676470588235294,0,1,1,1,1,0,0,0,1,0,0,0,0,0,1,0,0,0,0
4308,2001,3.590909090909091,0,0,0,0,0,0,0,1,0,0,0,0,1,0,1,0,0,0,0
4310,2001,2.9651162790697674,1,0,0,0,0,0,0,1,0,0,0,0,0,0,1,0,0,1,0
4321,1991,3.370967741935484,0,0,0,0,1,0,0,0,0,0,0,0,0,0,0,0,0,0,1
4343,2001,3.037037037037037,0,0,0,0,1,0,0,0,0,0,0,0,0,0,0,1,0,0,0
4344,2001,3.1029411764705883,1,0,0,0,0,1,0,1,0,0,0,0,0,0,0,0,0,0,0
4361,1982,3.421875,0,0,0,0,1,0,0,0,0,0,0,0,0,0,1,0,0,0,0
4367,2001,2.9,1,1,0,0,0,0,0,0,0,0,0,0,0,0,0,0,0,0,0
4369,2001,3.066666666666667,1,0,0,0,0,1,0,0,0,0,0,0,0,0,0,0,1,0,0
4370,2001,3.3392857142857144,0,1,0,0,0,0,0,1,0,0,0,0,0,0,0,1,0,0,0
4388,2001,2.6538461538461537,0,0,0,0,1,0,0,0,0,0,0,0,0,0,0,0,0,0,0
4446,2001,3.3548387096774195,0,1,1,0,0,0,0,0,1,0,0,0,0,0,0,1,0,0,0
4447,2001,3.15625,0,0,0,0,1,0,0,0,0,0,0,0,0,0,1,0,0,0,0
4489,1988,3.4583333333333335,0,0,0,0,1,0,0,0,0,0,0,0,0,0,1,0,0,0,0
4571,1989,3.7,0,1,0,0,1,0,0,0,0,0,0,0,0,0,0,1,0,0,0
4638,2001,2.8472222222222223,1,1,0,0,0,0,0,0,0,0,0,0,0,0,0,1,1,0,0
4641,2001,3.5,0,0,0,0,1,0,0,1,0,0,0,0,0,0,0,0,0,0,0
4643,2001,2.7448979591836733,1,1,0,0,0,0,0,1,0,0,0,0,0,0,0,1,0,0,0
4700,2001,3.037037037037037,0,0,0,1,1,0,0,0,0,0,0,0,0,0,1,0,0,0,0
4701,2001,3.370967741935484,1,0,0,0,1,0,0,0,0,0,0,0,0,0,0,0,0,0,0
4718,2001,3.066666666666667,0,0,0,0,1,0,0,0,0,0,0,0,0,0,0,0,0,0,0
4720,2001,3.6272727272727274,0,0,0,0,0,0,0,1,0,0,1,0,0,1,0,0,1,0,0
4734,2001,3.161764705882353,0,1,0,0,1,0,0,0,0,0,0,0,0,0,0,0,0,0,0
4776,2001,3.7941176470588234,0,0,0,0,0,1,0,1,0,0,0,0,0,0,0,0,1,0,0
4816,2001,3.509259259259259,0,0,0,0,1,0,0,0,0,0,0,0,0,0,0,0,0,0,0
4823,2001,3.14,0,0,0,0,1,0,0,0,0,0,0,0,0,0,1,0,0,0,0
4848,2001,3.843137254901961,0,0,0,0,0,1,0,1,0,1,0,0,0,1,0,0,1,0,0
4874,2001,3.484848484848485,0,0,0,0,0,0,0,1,1,0,0,0,0,1,0,1,0,0,0
4878,2001,3.981651376146789,0,0,0,0,0,0,0,1,0,0,0,0,0,1,0,1,1,0,0
4886,2001,3.871212121212121,0,1,1,1,1,0,0,0,1,0,0,0,0,0,0,0,0,0,0
4890,2001,3.032258064516129,0,0,0,0,1,0,0,0,1,0,0,0,0,0,1,0,0,0,0
4896,2001,3.7616822429906542,0,1,0,1,0,0,0,0,1,0,0,0,0,0,0,0,0,0,0
4901,2001,3.4814814814814814,1,0,0,0,0,1,0,1,0,0,0,0,0,0,0,0,1,0,0
4963,2001,3.8445378151260505,0,0,0,0,0,1,0,0,0,0,0,0,0,0,0,0,1,0,0
4973,2001,4.183333333333334,0,0,0,0,1,0,0,0,0,0,0,0,0,0,1,0,0,0,0
4975,2001,3.4204545454545454,0,0,0,0,0,0,0,0,0,0,0,0,0,1,1,1,1,0,0
4979,2001,3.6838235294117645,0,0,0,0,1,0,0,1,0,0,0,0,0,0,0,0,0,0,0
4993,2001,4.106060606060606,0,1,0,0,0,0,0,0,1,0,0,0,0,0,0,0,0,0,0
4995,2001,4.0,0,0,0,0,0,0,0,1,0,0,0,0,0,0,1,0,0,0,0
5010,2001,3.81,1,0,0,0,0,0,0,1,0,0,0,0,0,0,0,0,0,1,0
5013,2001,3.7037037037037037,0,0,0,0,1,0,0,1,0,0,0,0,0,1,0,0,0,0,0
5060,1970,3.9347826086956523,0,0,0,0,1,0,0,1,0,0,0,0,0,0,0,0,0,1,0
5064,2002,3.828125,1,1,0,0,0,0,0,1,0,0,0,0,0,0,0,0,1,0,0
5103,1993,3.4375,0,0,0,1,1,0,0,1,0,0,0,0,0,0,0,0,0,0,0
5110,2001,3.6041666666666665,0,0,0,0,1,1,0,0,0,0,0,0,0,1,0,0,0,0,0
5171,2002,2.8636363636363638,1,1,0,0,0,0,0,0,0,0,0,0,0,0,0,1,0,0,0
5218,2002,3.6882352941176473,0,1,1,1,1,0,0,0,0,0,0,0,0,0,0,0,0,0,0
5219,2002,3.0833333333333335,1,0,0,0,0,0,0,0,0,0,1,0,0,0,0,1,1,0,0
5225,2001,3.9523809523809526,0,0,0,0,0,0,0,1,0,0,0,0,0,0,1,0,0,0,0
5254,2002,3.2058823529411766,1,0,0,0,0,0,0,0,0,0,1,0,0,0,0,0,1,0,0
5266,2002,3.0,0,0,0,0,0,0,0,0,0,0,0,0,0,0,0,0,1,0,0
5283,2002,2.909090909090909,0,0,0,0,1,0,0,0,0,0,0,0,0,0,0,0,0,0,0
5299,2002,3.2666666666666666,0,0,0,0,1,0,0,0,0,0,0,0,0,0,1,0,0,0,0
5313,2002,2.2954545454545454,1,1,0,0,0,0,0,0,1,0,0,0,0,0,0,0,1,0,0
5349,2002,3.540983606557377,1,1,0,0,0,0,0,0,0,0,0,0,0,0,0,1,1,0,0
5377,2002,3.715909090909091,0,0,0,0,1,0,0,1,0,0,0,0,0,0,1,0,0,0,0
5378,2002,3.157608695652174,1,1,0,0,0,0,0,0,0,0,0,1,0,0,0,1,0,0,0
5388,2002,3.303030303030303,1,0,0,0,0,1,0,1,0,0,0,0,0,1,0,0,1,0,0
5418,2002,3.8169642857142856,1,0,0,0,0,0,0,0,0,0,0,0,0,1,0,0,1,0,0
5444,2002,3.810344827586207,0,1,1,1,0,0,0,0,0,0,0,0,0,0,0,1,0,0,0
5445,2002,3.6375,1,0,0,0,0,1,0,0,0,0,0,0,0,1,0,1,1,0,0
5449,2002,2.909090909090909,0,0,0,0,1,0,0,0,0,0,0,0,0,0,1,0,0,0,0
5459,2002,2.959016393442623,1,0,0,0,1,0,0,0,0,0,0,0,0,0,0,1,0,0,0
5464,2002,3.520408163265306,0,0,0,0,0,1,0,1,0,0,0,0,0,0,0,0,0,0,0
5481,2002,2.8461538461538463,0,0,0,0,1,0,0,0,0,0,0,0,0,0,0,0,0,0,0
5502,2002,3.1666666666666665,0,0,0,0,0,0,0,0,0,0,1,0,0,0,0,1,1,0,0
5507,2002,2.7708333333333335,1,0,0,0,0,1,0,0,0,0,0,0,0,0,0,0,1,0,0
5574,2002,3.519230769230769,1,0,0,0,0,1,0,0,0,0,0,0,0,0,0,0,0,0,0
5617,2002,3.9,0,0,0,0,1,0,0,1,0,0,0,0,0,0,1,0,0,0,0
5618,2001,4.155172413793103,0,1,1,0,0,0,0,0,1,0,0,0,0,0,0,0,0,0,0
5620,2002,3.0535714285714284,0,0,0,0,1,0,0,0,0,0,0,0,0,0,1,0,0,0,0
5630,2002,3.435483870967742,0,0,0,0,0,1,0,0,0,0,0,0,0,1,0,0,1,0,0
5669,2002,3.7758620689655173,0,0,0,0,0,0,1,0,0,0,0,0,0,0,0,0,0,0,0
5673,2002,3.621212121212121,0,0,0,0,1,0,0,1,0,0,0,0,0,0,1,0,0,0,0
5679,2002,3.202127659574468,0,0,0,0,0,0,0,0,0,0,1,0,0,1,0,0,1,0,0
5810,2002,3.292682926829268,0,0,0,0,0,0,0,1,0,0,0,0,0,0,0,0,0,0,0
5816,2002,3.5980392156862746,0,1,0,0,0,0,0,0,1,0,0,0,0,0,0,0,0,0,0
5872,2002,2.925925925925926,1,1,0,0,0,0,0,0,0,0,0,0,0,0,0,0,1,0,0
5902,2002,3.9456521739130435,0,0,0,0,1,0,0,1,0,0,0,0,0,0,1,0,0,0,0
5903,2002,3.875,1,0,0,0,0,0,0,0,0,0,0,0,0,0,0,1,1,0,0
5945,2002,3.173076923076923,0,0,0,0,1,0,0,1,0,0,0,0,0,0,0,0,0,0,0
5952,2002,4.0212765957446805,0,1,0,0,0,0,0,0,1,0,0,0,0,0,0,0,0,0,0
5954,2002,3.840909090909091,0,0,0,0,0,1,0,1,0,0,0,0,0,0,0,0,0,0,0
5956,2002,3.518181818181818,0,0,0,0,0,1,0,1,0,0,0,0,0,0,0,0,0,0,0
5971,1988,3.9594594594594597,0,0,1,1,0,0,0,1,1,0,0,0,0,0,0,0,0,0,0
5989,2002,3.9217391304347826,0,0,0,0,0,1,0,1,0,0,0,0,0,0,0,0,0,0,0
5991,2002,3.7244897959183674,0,0,0,0,1,1,0,1,0,0,0,0,1,0,0,0,0,0,0
5995,2002,4.108695652173913,0,0,0,0,0,0,0,1,0,0,0,0,0,0,0,0,0,1,0
6016,2002,4.1466666666666665,1,1,0,0,0,1,0,1,0,0,0,0,0,0,0,0,1,0,0
6155,2003,3.2758620689655173,0,0,0,0,1,0,0,0,0,0,0,0,0,0,1,0,0,0,0
6157,2003,2.5,1,0,0,0,0,1,0,0,0,0,0,0,0,0,0,0,0,0,0
6188,2003,3.5128205128205128,0,0,0,0,1,0,0,0,0,0,0,0,0,0,0,0,0,0,0
6218,2002,3.3,0,0,0,0,1,0,0,1,0,0,0,0,0,0,1,0,0,0,0
6281,2002,3.140625,0,0,0,0,0,0,0,1,0,0,0,0,0,0,0,0,1,0,0
6287,2003,3.0588235294117645,0,0,0,0,1,0,0,0,0,0,0,0,0,0,0,0,0,0,0
6323,2003,3.6818181818181817,0,0,0,0,0,1,0,0,0,0,1,0,0,1,0,0,1,0,0
6333,2003,3.723684210526316,1,1,0,0,0,0,0,0,0,0,0,0,0,0,0,1,1,0,0
6350,1986,4.0625,1,1,1,1,0,0,0,0,1,0,0,0,0,0,0,1,0,0,0
6365,2003,3.3541666666666665,1,1,0,0,0,0,0,0,0,0,0,1,0,0,0,1,1,0,0
6373,2003,3.316901408450704,0,0,0,0,1,0,0,1,1,0,0,0,0,0,1,0,0,0,0
6377,2003,3.9609929078014185,0,1,1,1,1,0,0,0,0,0,0,0,0,0,0,0,0,0,0
6378,2003,3.6186440677966103,1,0,0,0,0,1,0,0,0,0,0,0,0,0,0,0,0,0,0
6502,2002,3.9741379310344827,1,0,0,0,0,0,0,0,0,0,1,0,0,0,0,1,0,0,0
6503,2003,2.3703703703703702,1,1,0,0,1,1,0,0,0,0,0,0,0,0,0,0,1,0,0
6534,2003,2.5606060606060606,1,1,0,0,0,0,0,0,0,0,0,0,0,0,0,1,0,0,0
6537,2003,3.0444444444444443,1,1,0,0,0,0,0,0,0,0,0,0,0,0,0,1,0,0,0
6539,2003,3.778523489932886,1,1,0,0,1,0,0,0,1,0,0,0,0,0,0,0,0,0,0
6541,2003,2.625,1,0,0,0,0,0,0,0,1,0,0,0,0,0,0,1,0,0,0
6593,2003,3.2083333333333335,0,0,0,1,1,0,0,0,1,0,0,0,0,0,0,0,0,0,0
6708,2003,3.7205882352941178,0,0,0,0,1,1,0,1,0,0,0,0,0,0,0,0,0,0,0
6711,2003,4.033783783783784,0,0,0,0,1,0,0,1,0,0,0,0,0,0,1,0,0,0,0
6754,2003,3.5,1,0,0,0,0,0,0,0,1,0,1,0,0,0,0,0,0,0,0
6773,2003,3.7045454545454546,0,0,1,0,1,0,0,0,1,0,0,0,0,0,0,0,0,0,0
6787,1976,4.018518518518518,0,0,0,0,0,0,0,1,0,0,0,0,0,0,0,0,1,0,0
6807,1983,3.95,0,0,0,0,1,0,0,0,0,0,0,0,0,0,0,0,0,0,0
6863,2003,3.4015151515151514,0,0,0,0,1,0,0,0,0,0,0,0,1,0,0,0,0,0,0
6870,2003,3.7115384615384617,0,0,0,0,0,1,0,1,0,0,0,0,0,1,0,0,0,0,0
6874,2003,3.9618320610687023,1,0,0,0,0,1,0,0,0,0,0,0,0,0,0,0,1,0,0
6934,2003,3.151898734177215,1,1,0,0,0,0,0,0,0,0,0,1,0,0,0,1,1,0,0
6936,2003,3.6923076923076925,0,0,0,1,1,0,0,0,1,0,0,0,0,0,0,0,0,0,0
6942,2003,3.788135593220339,0,0,0,0,1,0,0,1,0,0,0,0,0,0,1,0,0,0,0
6947,2003,3.638888888888889,0,1,0,0,0,0,0,1,0,0,0,0,0,0,0,0,0,1,0
6953,2003,3.3,0,0,0,0,0,1,0,1,0,0,0,0,0,1,1,0,1,0,0
6957,2003,3.3653846153846154,0,0,0,0,1,1,0,0,0,0,0,0,0,0,0,0,0,0,0
6979,1983,3.3095238095238093,0,0,0,0,0,0,0,1,0,0,0,0,0,0,0,1,1,0,0
7022,2000,3.933333333333333,1,0,0,0,0,0,0,1,0,0,1,0,0,0,0,0,1,0,0
7090,2002,3.9210526315789473,1,1,0,0,0,0,0,1,0,0,0,0,0,0,0,0,0,0,0
7099,1984,4.0,0,1,1,0,0,0,0,1,1,0,0,0,0,0,0,1,0,0,0
7143,2003,3.903225806451613,1,1,0,0,0,0,0,1,0,0,0,0,0,0,0,0,0,1,0
7147,2003,3.8333333333333335,0,0,0,0,0,0,0,1,1,0,0,0,0,0,1,0,0,0,0
7153,2003,4.118918918918919,1,1,0,0,0,0,0,1,1,0,0,0,0,0,0,0,0,0,0
7173,2004,3.0416666666666665,0,0,0,0,1,0,0,0,0,0,0,0,0,0,1,0,0,0,0
7254,2004,3.630434782608696,0,0,0,0,0,0,0,1,0,0,0,0,0,0,0,1,1,0,0
7293,2004,3.5531914893617023,0,0,0,0,1,0,0,0,0,0,0,0,0,0,1,0,0,0,0
7323,2003,3.8043478260869565,0,0,0,0,1,0,0,1,0,0,0,0,0,0,0,0,0,0,0
7325,2004,3.2857142857142856,1,0,0,0,1,1,0,0,0,0,0,0,0,0,0,0,1,0,0
7361,2004,4.1603053435114505,0,0,0,0,0,0,0,1,0,0,0,0,0,0,1,1,0,0,0
7373,2004,3.3780487804878048,1,1,0,0,0,0,0,0,1,0,1,0,0,0,0,0,0,0,0
7438,2004,3.868181818181818,1,0,0,0,0,0,0,1,0,0,0,0,0,0,0,0,1,0,0
7444,2004,3.1904761904761907,0,0,0,0,1,0,0,0,1,0,0,0,0,0,1,0,0,0,0
7445,2004,3.6285714285714286,1,0,0,0,0,1,0,1,0,0,0,0,0,1,0,0,1,0,0
7451,2004,3.7564102564102564,0,0,0,0,1,0,0,0,0,0,0,0,0,0,0,0,0,0,0
7454,2004,2.7083333333333335,1,1,0,0,0,0,0,0,1,0,1,0,0,0,0,0,0,0,0
7458,2004,3.4270833333333335,1,1,0,0,0,0,0,1,0,0,0,0,0,0,0,0,0,1,0
8360,2004,3.5760869565217392,0,1,1,1,1,0,0,0,0,0,0,0,1,0,1,0,0,0,0
8361,2004,3.05,1,1,0,0,0,0,0,1,0,0,0,0,0,0,0,1,1,0,0
8368,2004,3.913978494623656,0,1,0,0,0,0,0,0,1,0,0,1,0,0,0,0,0,0,0
8371,2004,3.3043478260869565,1,0,0,0,0,0,0,0,0,0,0,0,0,0,0,1,1,0,0
8376,2004,3.324324324324324,0,0,0,0,1,0,0,0,0,0,0,0,0,0,0,0,0,0,0
8464,2004,3.51,0,0,0,0,1,0,1,1,0,0,0,0,0,0,0,0,0,0,0
8528,2004,3.551282051282051,0,0,0,0,1,0,0,0,0,0,0,0,0,0,0,0,0,0,0
8529,2004,3.3191489361702127,0,0,0,0,1,0,0,1,0,0,0,0,0,0,1,0,0,0,0
8533,2004,3.5657894736842106,0,0,0,0,0,0,0,1,0,0,0,0,0,0,1,0,0,0,0
8622,2004,3.4864864864864864,0,0,0,0,0,0,1,0,0,0,0,0,0,0,0,0,0,0,0
8636,2004,3.8037974683544302,1,1,0,0,0,0,0,0,0,0,0,1,0,0,0,1,0,0,0
8641,2004,3.7719298245614037,0,0,0,0,1,0,0,0,0,0,0,0,0,0,0,0,0,0,0
8644,2004,3.4918032786885247,1,1,0,0,0,0,0,0,0,0,0,0,0,0,0,1,1,0,0
8665,2004,3.7866666666666666,1,0,0,0,0,1,0,0,0,0,0,0,0,0,0,0,1,0,0
8783,2004,3.1923076923076925,0,0,0,0,0,0,0,1,0,0,0,0,0,1,0,0,1,0,0
8784,2004,3.7083333333333335,0,0,0,0,1,0,0,1,0,0,0,0,0,0,1,0,0,0,0
8798,2004,3.7613636363636362,1,0,0,0,0,1,0,1,0,0,0,0,0,0,0,0,1,0,0
8807,2004,3.4558823529411766,0,1,0,0,1,0,0,0,0,0,0,0,0,0,0,0,0,0,0
8873,2004,3.7962962962962963,0,1,0,0,0,0,0,1,0,0,0,0,0,0,0,0,0,0,0
8874,2004,4.0064935064935066,0,0,0,0,1,0,0,0,0,0,1,0,0,0,0,0,0,0,0
8910,2004,3.4523809523809526,0,0,0,0,1,0,0,0,0,0,0,0,0,0,0,0,0,0,0
8917,2004,3.46875,1,1,1,0,1,0,0,0,0,0,0,0,0,0,0,0,0,0,0
8949,2004,3.7435897435897436,0,0,0,0,1,0,0,1,0,0,0,0,0,0,1,0,0,0,0
8950,2004,3.986842105263158,0,0,0,0,0,0,0,1,0,0,0,0,0,1,0,0,1,0,0
8957,2004,3.1818181818181817,0,0,0,0,0,0,0,0,0,0,1,0,0,1,0,0,1,0,0
8961,2004,3.836,1,1,1,1,1,0,0,0,0,0,0,0,0,0,0,0,0,0,0
8970,2004,3.609375,0,0,0,0,0,0,0,1,0,0,0,0,0,0,0,0,0,0,0
8972,2004,3.263157894736842,1,1,0,0,0,0,0,1,0,0,0,0,0,1,0,0,1,0,0
8983,2004,3.52,1,0,0,0,0,0,0,1,0,0,0,0,0,0,1,0,0,0,0
8984,2004,3.2906976744186047,1,0,0,0,1,1,0,0,0,0,0,0,0,0,0,0,1,0,0
27706,2004,3.16,0,1,0,1,1,0,0,0,1,0,0,0,0,0,0,0,0,0,0
27773,2003,4.089743589743589,0,0,0,0,0,0,0,0,0,0,0,0,0,1,0,0,1,0,0
27904,2006,3.6136363636363638,0,0,1,0,0,0,0,1,0,0,0,0,0,1,0,1,1,0,0
30707,2004,3.8461538461538463,0,0,0,0,0,0,0,1,0,0,0,0,0,0,0,0,0,0,0
30749,2004,3.7916666666666665,0,0,0,0,0,0,0,1,0,0,0,0,0,0,0,0,0,1,0
30793,2005,3.0,0,1,0,1,1,0,0,0,1,0,0,1,0,0,0,0,0,0,0
30810,2004,3.4864864864864864,0,1,0,0,1,0,0,0,1,0,0,0,0,0,0,0,0,0,0
30812,2004,3.5285714285714285,0,0,0,0,0,0,0,1,0,0,0,0,0,0,0,0,0,0,0
30825,2004,3.106060606060606,0,0,0,0,1,0,0,0,0,0,0,0,0,0,0,0,0,0,0
31658,2004,4.075,0,1,1,0,0,0,0,0,1,0,0,0,0,0,1,0,0,0,0
31685,2005,3.1666666666666665,0,0,0,0,1,0,0,0,0,0,0,0,0,0,1,0,0,0,0
31696,2005,3.4714285714285715,1,0,0,0,0,0,0,0,1,0,1,0,0,0,0,0,1,0,0
32587,2005,3.857142857142857,1,0,0,0,0,1,0,0,0,1,0,0,0,1,0,0,1,0,0
33004,2005,3.4204545454545454,0,1,0,0,1,0,0,0,0,0,0,0,0,0,0,1,0,0,0
33166,2004,3.89,0,0,0,0,0,1,0,1,0,0,0,0,0,0,0,0,0,0,0
33493,2005,3.4294871794871793,1,1,0,0,0,0,0,0,0,0,0,0,0,0,0,1,0,0,0
33615,2005,3.375,0,1,1,1,1,0,0,0,0,0,0,0,0,0,0,0,0,0,0
33679,2005,3.2796610169491527,1,1,0,0,1,0,0,0,0,0,0,0,0,0,1,0,0,0,0
33794,2005,3.8620689655172415,1,0,0,0,0,1,0,0,0,0,0,1,0,0,0,0,0,0,0
34048,2005,3.15,1,1,0,0,0,0,0,0,0,0,0,0,0,0,0,1,1,0,0
34150,2005,2.763888888888889,1,1,0,0,0,0,0,0,0,0,0,0,0,0,0,1,0,0,0
34162,2005,3.5086206896551726,0,0,0,0,1,0,0,0,0,0,0,0,0,0,1,0,0,0,0
34319,2005,3.3548387096774195,1,0,0,0,0,0,0,0,0,0,0,0,0,0,0,1,1,0,0
34405,2005,3.94,1,1,0,0,0,0,0,0,0,0,0,0,0,0,0,1,0,0,0
34437,2005,3.4761904761904763,0,0,0,0,1,0,0,1,0,0,0,0,0,0,0,0,0,0,0
35836,2005,3.5472972972972974,0,0,0,0,1,0,0,0,0,0,0,0,0,0,1,0,0,0,0
36529,2005,3.7142857142857144,1,0,0,0,0,1,0,1,0,0,0,0,0,0,0,0,1,1,0
37386,2005,2.761904761904762,1,0,0,0,0,0,0,0,0,0,0,0,0,0,0,1,0,0,0
37729,2005,3.534090909090909,0,0,1,0,1,0,0,0,1,0,0,0,1,0,1,0,0,0,0
37733,2005,3.5,1,0,0,0,0,1,0,1,0,0,0,0,0,0,0,0,1,0,0
37741,2005,3.869565217391304,0,0,0,0,0,1,0,1,0,0,0,0,0,0,0,0,0,0,0
38038,2005,3.6333333333333333,0,1,1,1,1,0,0,0,0,0,0,0,0,0,0,0,0,0,0
38061,2005,4.071428571428571,0,0,0,0,1,1,0,0,0,0,0,0,0,1,0,0,1,0,0
39183,2005,3.5588235294117645,0,0,0,0,0,0,0,1,0,0,0,0,0,0,1,0,0,0,0
40629,2005,3.5555555555555554,0,0,0,0,0,0,0,1,0,0,0,0,0,0,1,0,0,0,0
40815,2005,3.816901408450704,0,1,0,0,0,0,0,0,1,0,0,1,0,0,0,0,1,0,0
40819,2005,3.7564102564102564,0,0,0,0,0,0,0,1,0,0,0,0,1,0,1,0,0,0,0
41566,2005,3.443548387096774,0,1,0,1,0,0,0,0,1,0,0,0,0,0,0,0,0,0,0
41569,2005,3.4,1,1,0,0,0,0,0,1,1,0,0,0,0,0,0,0,1,0,0
41997,2005,3.8095238095238093,1,0,0,0,0,1,0,1,0,0,0,0,0,0,0,0,1,0,0
44022,2006,3.217391304347826,0,1,1,1,1,0,0,0,0,0,0,0,0,0,0,0,0,0,0
44191,2006,3.885,1,0,0,0,0,0,0,0,0,0,0,1,0,0,0,1,1,0,0
44195,2006,4.027777777777778,0,0,0,0,1,0,0,1,0,0,0,0,0,0,0,0,0,0,0
44199,2006,3.8,0,0,0,0,0,1,0,1,0,0,0,0,0,0,0,0,1,0,0
44555,2006,4.117647058823529,0,0,0,0,0,0,0,1,0,0,0,0,0,0,1,0,1,0,0
44665,2006,3.8552631578947367,0,0,0,0,0,1,0,1,0,0,0,0,0,1,0,0,0,0,0
45186,2006,3.5892857142857144,1,1,0,0,0,0,0,0,0,0,0,0,0,0,0,0,1,0,0
45447,2006,3.122448979591837,0,0,0,0,0,0,0,1,0,0,0,0,0,1,0,0,1,0,0
45499,2006,3.355769230769231,1,0,0,0,0,0,0,0,0,0,0,0,0,0,0,1,1,0,0
45517,2006,3.3780487804878048,0,0,1,1,1,0,0,0,0,0,0,0,0,0,0,0,0,0,0
45672,2006,2.9782608695652173,0,1,0,0,1,0,0,1,1,0,0,0,0,0,1,0,0,0,0
45720,2006,3.5588235294117645,0,0,0,0,1,0,0,1,0,0,0,0,0,0,0,0,0,0,0
45722,2006,3.5069444444444446,1,1,0,0,0,0,0,0,1,0,0,0,0,0,0,0,0,0,0
46530,2006,3.08,1,1,0,0,0,0,0,0,0,0,0,1,0,0,0,1,0,0,0
46578,2006,3.883116883116883,0,1,0,0,1,0,0,1,0,0,0,0,0,0,0,0,0,0,0
46723,2006,3.5,0,0,0,0,0,0,0,1,0,0,0,0,0,0,0,0,1,0,0
46970,2006,3.25,1,0,0,0,1,0,0,0,0,0,0,0,0,0,0,0,0,0,0
46972,2006,3.239130434782609,1,0,0,0,1,0,0,0,1,0,0,1,0,0,0,0,0,0,0
46976,2006,3.6931818181818183,0,0,0,0,1,0,0,1,1,0,0,0,0,0,1,0,0,0,0
47099,2006,3.7934782608695654,0,0,0,0,0,0,0,1,0,0,0,0,0,0,0,0,0,0,0
47610,2006,3.7790697674418605,0,0,0,0,0,0,0,1,1,0,0,0,0,1,1,0,0,0,0
48385,2006,3.3461538461538463,0,0,0,0,1,0,0,0,0,0,0,0,0,0,0,0,0,0,0
48394,2006,3.814814814814815,0,0,0,0,0,0,0,1,1,0,0,0,0,0,0,0,1,0,0
48516,2006,4.252336448598131,0,0,0,0,0,1,0,1,0,0,0,0,0,0,0,0,1,0,0
48774,2006,3.9453125,1,1,0,0,0,0,0,1,0,0,0,0,0,0,0,1,1,0,0
48780,2006,4.0055555555555555,0,0,0,0,0,0,0,1,0,0,0,0,0,1,0,1,1,0,0
49272,2006,3.9444444444444446,1,1,0,0,0,0,0,0,0,0,0,0,0,0,0,0,1,0,0
49286,2006,3.2083333333333335,0,0,0,0,1,0,0,0,0,0,0,0,0,0,1,0,0,0,0
49530,2006,3.7641509433962264,1,1,0,0,0,1,0,1,0,0,0,0,0,0,0,0,1,1,0
50872,2007,3.8680555555555554,0,0,1,1,0,0,0,1,0,0,0,0,0,0,0,0,0,0,0
51255,2007,4.0,1,0,0,0,1,1,0,0,0,0,0,0,0,1,0,0,0,0,0
51540,2007,3.710526315789474,0,0,0,0,0,1,0,1,0,0,0,0,0,0,0,0,1,0,0
51662,2007,3.68125,1,0,0,0,0,0,0,0,1,0,0,1,0,0,0,0,0,1,0
51935,2007,3.86,1,0,0,0,0,0,0,1,0,0,0,0,0,0,0,0,1,0,0
52281,2007,3.425925925925926,1,0,0,0,0,1,0,0,0,0,1,0,0,0,0,1,1,0,0
52722,2007,3.0,1,1,0,0,0,0,0,0,0,0,0,1,0,0,0,1,1,0,0
52973,2007,3.6538461538461537,0,0,0,0,1,0,0,1,0,0,0,0,0,0,1,0,0,0,0
53000,2007,3.5952380952380953,0,0,0,0,0,0,0,0,0,0,1,0,0,0,0,1,1,0,0
53121,2007,3.0238095238095237,0,1,1,1,1,0,0,0,1,0,0,0,0,0,0,0,0,0,0
53125,2007,3.4375,1,1,0,0,1,0,0,0,1,0,0,0,0,0,0,0,0,0,0
53322,2007,3.484848484848485,0,0,0,0,0,1,0,0,0,0,0,0,0,0,0,0,1,0,0
53519,2007,3.1346153846153846,1,1,0,0,0,1,0,0,0,0,1,0,0,0,0,0,1,0,0
53953,2007,3.16,0,0,0,0,0,0,0,1,0,0,1,0,0,0,0,0,1,0,0
53972,2007,3.40625,1,1,0,0,0,1,0,0,0,0,0,0,0,0,0,0,1,0,0
53996,2007,3.3461538461538463,1,0,0,0,0,0,0,0,0,0,0,1,0,0,0,1,1,0,0
54001,2007,3.8620689655172415,0,1,0,0,0,0,0,1,1,0,0,1,0,0,0,0,0,0,0
54259,2007,3.6029411764705883,0,1,0,0,1,0,0,0,1,0,0,0,0,0,1,0,0,0,0
54272,2007,3.619565217391304,0,0,1,0,1,0,0,0,0,0,0,0,0,0,0,0,0,0,0
54286,2007,3.697530864197531,1,0,0,0,0,1,0,0,0,0,0,0,0,0,0,0,1,0,0
54503,2007,3.8636363636363638,0,0,0,0,1,0,0,0,0,0,0,0,0,0,0,0,0,0,0
54995,2007,3.7954545454545454,1,0,0,0,0,0,0,0,0,0,1,0,0,0,0,1,0,0,0
54997,2007,4.06,1,0,0,0,0,1,0,1,0,0,0,0,0,0,0,0,0,0,1
55247,2007,3.902439024390244,1,1,0,0,0,0,0,1,0,0,0,0,0,0,0,0,0,0,0
55269,2007,3.4285714285714284,0,1,0,0,1,0,0,1,0,0,0,0,0,0,0,0,0,0,0
55765,2007,3.9054054054054053,0,0,0,0,0,1,0,1,0,0,0,0,0,0,0,0,1,0,0
55820,2007,3.8984375,0,0,0,0,0,1,0,1,0,0,0,0,0,0,0,0,0,0,0
56174,2007,3.4838709677419355,1,0,0,0,0,0,0,0,0,0,1,1,0,0,0,1,1,0,0
56367,2007,3.769230769230769,0,0,0,0,1,0,0,1,0,0,0,0,0,0,1,0,0,0,0
56757,2007,3.716666666666667,0,0,0,0,0,0,0,1,0,0,1,0,1,0,0,0,1,0,0
56775,2007,3.0416666666666665,1,1,0,0,0,0,0,0,0,0,0,0,0,0,0,0,0,0,0
56782,2007,4.142857142857143,0,0,0,0,0,0,0,1,0,0,0,0,0,0,0,0,0,0,1
57368,2008,3.3518518518518516,1,0,0,0,0,0,0,0,0,0,0,0,0,1,0,1,1,0,0
57669,2008,4.158536585365853,0,0,0,0,1,1,0,1,0,0,0,0,0,0,0,0,1,0,0
58559,2008,4.238255033557047,1,0,0,0,0,1,0,1,0,0,0,1,0,0,0,0,0,0,0
58998,2008,3.769230769230769,0,0,0,0,1,0,0,0,0,0,0,0,0,0,1,0,0,0,0
59315,2008,3.824468085106383,1,1,0,0,0,0,0,0,0,0,0,0,0,0,0,1,0,0,0
59369,2008,3.619047619047619,1,0,0,0,0,1,0,1,0,0,0,0,0,0,0,0,1,0,0
59615,2008,2.8333333333333335,1,1,0,0,1,0,0,0,0,0,0,0,0,0,0,1,0,0,0
59784,2008,3.4444444444444446,1,0,1,1,1,0,0,0,0,0,0,1,0,0,0,0,0,0,0
60040,2008,3.1714285714285713,1,0,0,0,0,0,0,0,0,0,0,0,0,0,0,1,0,0,0
60069,2008,4.0576923076923075,0,1,1,1,0,0,0,0,0,0,0,0,0,0,1,1,0,0,0
60072,2008,3.159090909090909,1,0,0,0,0,0,0,0,0,0,0,0,0,0,0,0,1,0,0
60074,2008,3.0344827586206895,1,1,0,0,1,1,0,0,1,0,0,0,0,0,0,0,0,0,0
60684,2009,3.988372093023256,1,0,0,0,0,0,0,1,0,0,0,1,0,1,0,1,1,0,0
60756,2008,3.5535714285714284,0,0,0,0,1,0,0,0,0,0,0,0,0,0,0,0,0,0,0
61024,2008,3.6774193548387095,1,0,0,0,1,1,0,0,0,0,0,0,0,0,0,0,0,0,0
61132,2008,3.5,1,1,0,0,1,0,0,0,0,0,0,0,0,0,0,0,0,1,0
61323,2008,3.4871794871794872,0,0,0,0,1,1,0,1,0,0,0,0,0,0,0,0,0,0,0
62434,2008,3.5238095238095237,0,0,0,0,1,0,0,1,0,0,0,0,0,0,1,0,0,0,0
63082,2008,3.8098591549295775,0,0,0,0,0,1,0,1,0,0,0,0,0,0,1,0,0,0,0
63113,2008,3.4571428571428573,1,1,0,0,0,0,0,0,0,0,0,0,0,0,0,0,1,0,0
63992,2008,2.409090909090909,0,0,0,0,0,0,0,1,1,0,0,0,0,0,1,0,1,0,0
64614,2008,3.9456521739130435,0,0,0,0,0,1,0,1,0,0,0,0,0,0,0,0,0,0,0
64839,2008,3.735294117647059,0,0,0,0,0,0,0,1,0,0,0,0,0,0,0,0,0,0,0
64957,2008,3.5945945945945947,0,0,0,0,0,0,0,1,1,0,0,0,0,1,1,0,0,0,0
64969,2008,3.6176470588235294,0,0,0,0,1,0,0,0,0,0,0,0,0,0,0,0,0,0,0
66097,2009,3.7,0,0,1,0,0,0,0,0,1,0,0,0,0,0,0,0,1,0,0
66934,2008,3.9166666666666665,0,0,0,0,1,0,0,1,0,0,0,0,1,0,0,1,0,0,0
67255,2009,3.94,0,0,0,0,0,1,0,1,0,0,0,0,0,1,0,0,1,0,0
68157,2009,4.136363636363637,1,0,0,0,0,0,0,1,0,0,0,0,0,0,0,0,0,1,0
68237,2009,3.96875,0,0,0,0,0,0,0,1,0,0,0,0,0,1,0,1,1,0,0
68319,2009,2.8653846153846154,1,0,0,0,0,0,0,0,0,0,0,0,0,0,0,1,1,0,0
68358,2009,3.864406779661017,1,1,0,0,0,0,0,0,0,0,0,1,0,0,0,1,0,0,0
68954,2009,4.004761904761905,0,1,1,1,0,0,0,1,0,0,0,0,0,0,0,0,0,0,0
69122,2009,3.6315789473684212,0,0,0,0,1,1,0,0,0,0,0,0,0,0,0,0,0,0,0
69481,2008,4.0588235294117645,1,0,0,0,0,0,0,1,0,0,0,0,0,0,0,0,1,1,0
69757,2009,3.6666666666666665,0,0,0,0,1,0,0,1,0,0,0,0,0,0,1,0,0,0,0
69844,2009,3.8879310344827585,0,1,0,0,0,0,0,0,1,0,0,1,0,1,1,0,0,0,0
70286,2009,3.776923076923077,0,0,0,0,0,0,0,0,0,0,0,0,0,1,0,1,1,0,0
71535,2009,3.8773584905660377,1,0,0,0,1,0,0,0,0,0,1,0,0,0,0,0,0,0,0
72011,2009,3.71875,0,0,0,0,0,0,0,1,0,0,0,0,0,0,1,0,0,0,0
72378,2009,2.619047619047619,1,0,0,0,0,0,0,1,0,0,0,0,0,0,0,1,1,0,0
72641,2009,3.6774193548387095,0,0,0,0,0,0,0,1,0,0,0,0,0,0,0,0,0,0,0
72998,2009,3.6030927835051547,1,1,0,0,0,0,0,0,0,0,0,1,0,0,0,1,0,0,0
73017,2009,3.853448275862069,1,0,0,0,0,1,0,0,0,0,0,0,0,1,0,0,1,0,0
74458,2010,4.022388059701493,0,0,0,0,0,0,0,1,0,0,0,0,0,1,0,0,1,0,0
74789,2010,2.875,0,1,0,0,0,0,0,0,1,0,0,1,0,0,0,0,0,0,0
76093,2010,3.943396226415094,0,1,1,1,0,0,0,0,1,0,0,1,0,0,0,0,0,0,0
76251,2010,3.6511627906976742,1,0,0,0,1,0,0,0,0,0,0,0,0,0,0,0,0,0,0
77561,2010,3.5106382978723403,1,1,0,0,0,0,0,0,0,0,0,1,0,0,0,1,1,0,0
78499,2010,4.109090909090909,0,1,1,1,1,0,0,0,1,0,0,1,0,0,0,0,0,0,0
79091,2010,3.6842105263157894,0,0,1,1,1,1,0,0,0,0,0,0,0,0,0,0,0,0,0
79132,2010,4.066433566433567,1,0,0,0,0,1,0,1,0,0,0,1,0,1,0,1,1,0,0
79592,2010,3.261904761904762,1,0,0,0,1,0,0,0,0,0,0,0,0,0,0,0,0,0,0
79702,2010,3.7045454545454546,1,0,0,0,1,0,0,0,1,0,0,0,1,0,1,0,0,0,0
80463,2010,3.8859649122807016,0,0,0,0,0,0,0,1,0,0,0,0,0,0,0,0,0,0,0
80489,2010,3.9545454545454546,0,0,0,0,0,1,0,1,0,0,0,0,0,0,0,0,1,0,0
80549,2010,3.7962962962962963,0,0,0,0,1,0,0,0,0,0,0,0,0,0,1,0,0,0,0
81591,2010,3.630952380952381,0,0,0,0,0,0,0,1,0,0,0,0,0,0,0,0,1,0,0
81834,2010,3.9893617021276597,1,1,0,0,0,0,0,0,1,0,0,1,0,0,0,0,0,0,0
81845,2010,4.043103448275862,0,0,0,0,0,0,0,1,0,0,0,0,0,0,0,0,0,0,0
81847,2010,3.9166666666666665,0,0,1,1,1,0,0,0,1,0,0,1,1,0,1,0,0,0,0
81932,2010,3.760869565217391,0,0,0,0,0,0,0,1,0,0,0,0,0,0,0,0,0,0,0
82459,2010,3.75,0,0,0,0,0,0,0,0,0,0,0,0,0,0,0,0,0,0,1
84152,2011,3.95,0,0,0,0,0,0,0,0,0,0,0,0,0,0,0,1,1,0,0
84954,2011,3.1666666666666665,0,0,0,0,0,0,0,0,0,0,0,0,0,0,1,1,1,0,0
85414,2011,3.6029411764705883,1,0,0,0,0,0,0,1,0,0,0,0,0,1,0,1,1,0,0
86332,2011,3.514705882352941,1,1,0,0,0,0,0,1,1,0,0,1,0,0,0,0,0,0,0
86833,2011,3.761904761904762,0,0,0,0,1,0,0,0,0,0,0,0,0,0,0,0,0,0,0
86880,2011,3.2291666666666665,1,1,0,0,0,0,0,0,1,0,0,1,0,0,0,0,0,0,0
86882,2011,3.56,0,0,0,0,1,0,0,0,1,0,0,0,0,0,1,0,0,0,0
87232,2011,3.7906976744186047,1,1,0,0,0,0,0,0,0,0,0,0,0,0,0,1,1,1,0
87306,2011,3.5952380952380953,0,0,0,0,0,0,0,0,0,0,0,1,0,1,0,1,1,0,0
87869,2011,3.4375,0,0,0,0,1,1,0,0,0,0,0,0,0,0,0,0,0,0,0
88125,2011,3.91,1,1,0,0,0,0,0,1,1,0,0,1,0,1,0,0,0,0,0
88129,2011,3.765625,0,0,0,0,0,1,0,1,0,1,0,0,0,0,0,0,1,0,0
88140,2011,3.546875,1,1,0,0,0,0,0,0,0,0,0,0,0,0,0,1,1,1,0
88163,2011,3.9838709677419355,0,0,0,0,1,0,0,1,0,0,0,0,0,0,1,0,0,0,0
88744,2011,3.462962962962963,1,0,0,0,0,0,0,1,0,0,0,0,0,0,0,1,1,0,0
88810,2011,3.8333333333333335,0,0,0,0,0,0,0,1,0,0,0,0,0,0,0,0,0,0,0
89492,2011,3.8846153846153846,0,0,0,0,0,0,0,1,0,0,0,0,0,0,0,0,0,0,0
89745,2012,3.869565217391304,1,1,0,0,0,0,0,0,0,0,0,1,0,0,0,1,0,0,0
91500,2012,3.435185185185185,1,1,0,0,0,0,0,1,0,0,0,0,0,0,0,1,1,0,0
91529,2012,3.9934210526315788,1,1,0,0,0,1,0,0,0,0,0,1,0,0,0,0,0,0,0
91542,2011,3.763157894736842,1,1,0,0,1,1,0,0,0,0,0,0,0,1,0,0,1,0,0
91630,2011,3.659090909090909,1,1,0,0,0,0,0,0,0,0,0,1,0,0,0,0,1,0,0
91658,2011,3.488095238095238,0,0,0,0,0,0,0,1,0,0,0,0,0,0,0,0,1,0,0
92259,2011,4.108108108108108,0,0,0,0,1,0,0,1,0,0,0,0,0,0,0,0,0,0,0
93510,2012,3.8653846153846154,1,0,0,0,1,1,0,0,0,0,0,0,0,0,0,0,0,0,0
93840,2012,4.0227272727272725,0,0,0,0,1,0,0,0,0,0,1,0,0,0,0,1,1,0,0
94864,2012,3.2962962962962963,1,0,0,0,0,0,0,0,0,0,1,1,0,0,0,1,0,0,0
94959,2012,3.7758620689655173,0,0,0,0,1,0,0,1,0,0,0,0,0,0,1,0,0,0,0
95167,2012,3.466666666666667,1,1,1,1,0,0,0,0,0,0,0,0,0,0,0,0,0,0,0
95441,2012,3.2857142857142856,0,0,0,0,1,0,0,0,1,0,0,0,0,0,0,0,0,0,0
95510,2012,3.25,1,1,0,0,0,0,0,0,0,0,0,1,0,0,0,1,0,0,0
96079,2012,3.81,1,1,0,0,0,0,0,0,0,0,0,1,0,0,0,0,1,0,0
96610,2012,3.640625,1,0,0,0,0,1,0,0,0,0,0,0,0,0,0,1,0,0,0
97304,2012,3.982142857142857,0,0,0,0,0,0,0,1,0,0,0,0,0,0,0,0,1,0,0
97913,2012,3.75,0,0,1,0,1,0,0,0,0,0,0,0,0,0,0,0,0,0,0
97921,2012,3.716666666666667,0,0,0,0,1,0,0,1,0,0,0,0,0,0,0,0,0,0,0
97938,2012,3.629032258064516,0,1,0,0,0,0,0,1,0,0,0,1,0,0,0,0,0,0,0
98809,2012,3.8125,0,1,0,0,0,0,0,0,1,0,0,1,0,0,0,0,0,0,0
99114,2012,3.943661971830986,1,0,0,0,0,0,0,1,0,0,0,0,0,0,0,0,0,0,1
102125,2013,3.5625,1,0,0,0,0,0,0,0,0,0,0,1,0,0,0,1,1,0,0
102445,2013,3.685185185185185,1,1,0,0,0,0,0,0,0,0,0,1,0,0,0,1,0,0,0
102903,2013,3.409090909090909,0,0,0,0,0,1,0,0,0,0,0,0,0,1,0,0,1,0,0
103042,2013,3.2954545454545454,1,1,0,0,0,0,0,0,1,0,0,1,0,0,0,1,0,0,0
104211,2013,3.738095238095238,0,0,0,0,1,1,0,0,0,0,0,0,0,0,0,0,0,0,0
104841,2013,3.578125,1,0,0,0,0,0,0,0,0,0,0,1,0,0,0,1,0,0,0
105504,2013,4.0476190476190474,0,1,0,0,0,0,0,1,0,0,0,1,0,0,0,0,1,0,0
106072,2013,3.3095238095238093,1,1,0,0,0,0,0,0,1,0,0,1,0,0,0,0,0,0,0
106487,2013,3.6346153846153846,1,1,0,0,0,0,0,0,0,0,0,1,0,0,0,1,0,0,0
106489,2013,3.58,0,1,0,0,0,0,0,0,1,0,0,1,0,0,0,0,0,0,0
106696,2013,3.6206896551724137,0,1,1,0,1,0,0,0,1,0,0,0,1,0,1,0,0,0,0
106782,2013,3.9166666666666665,0,0,0,0,1,1,0,1,0,0,0,0,0,0,0,0,0,0,0
106920,2013,3.92,0,0,0,0,0,0,0,1,0,0,0,0,0,0,1,1,0,0,0
107406,2013,3.4285714285714284,1,0,0,0,0,0,0,1,0,0,0,0,0,0,0,1,0,0,0
108932,2014,3.870967741935484,1,1,1,1,1,0,0,0,1,0,0,0,0,0,0,0,0,0,0
109374,2014,3.7788461538461537,0,0,0,0,1,0,0,1,0,0,0,0,0,0,0,0,0,0,0
109487,2014,3.993150684931507,0,0,0,0,0,0,0,0,0,0,0,1,0,0,0,1,0,0,0
110102,2014,3.7419354838709675,1,1,0,0,0,0,0,0,0,0,0,1,0,0,0,1,0,0,0
111362,2014,3.8333333333333335,1,1,0,0,0,0,0,0,0,0,0,0,0,0,0,1,0,0,0
111759,2014,3.977272727272727,1,0,0,0,0,0,0,0,0,0,0,1,0,0,0,1,0,0,0
112183,2014,3.3461538461538463,0,0,0,0,1,0,0,1,0,0,0,0,0,0,0,0,0,0,0
112552,2014,4.0394736842105265,0,0,0,0,0,0,0,1,0,0,0,0,0,0,0,0,0,0,0
112556,2014,3.7162162162162162,0,0,0,0,0,0,0,1,0,0,0,0,0,0,0,0,1,0,0
112852,2014,4.0508474576271185,1,1,0,0,0,0,0,0,0,0,0,0,0,0,0,1,0,0,0
115149,2014,3.8448275862068964,1,0,0,0,0,0,0,0,0,0,0,0,0,0,0,0,1,0,0
115617,2014,3.8536585365853657,1,0,1,0,1,0,0,0,0,0,0,0,0,0,0,0,0,0,0
115713,2015,3.9107142857142856,0,0,0,0,0,0,0,1,0,0,0,0,0,0,0,1,1,0,0
116797,2014,4.02,0,0,0,0,0,0,0,1,0,0,0,0,0,0,0,0,1,1,0
116823,2014,3.869565217391304,0,1,0,0,0,0,0,0,0,0,0,0,0,0,0,1,1,0,0
117529,2015,3.260869565217391,1,1,0,0,0,0,0,1,0,0,0,0,0,0,0,1,1,0,0
119145,2015,3.986111111111111,1,1,0,0,1,1,0,0,0,0,0,0,0,0,0,0,0,0,0
122882,2015,3.8191489361702127,1,1,0,0,0,0,0,0,0,0,0,0,0,0,0,1,1,0,0
122886,2015,3.8536585365853657,1,1,0,0,0,0,0,0,1,0,0,1,0,0,0,1,0,0,0
122892,2015,3.5185185185185186,1,1,0,0,0,0,0,0,0,0,0,0,0,0,0,1,0,0,0
122900,2015,3.7222222222222223,1,1,0,0,0,0,0,0,0,0,0,0,0,0,0,1,0,0,0
122904,2016,3.8333333333333335,1,1,0,0,1,0,0,0,0,0,0,0,0,0,0,1,0,0,0
122918,2017,3.925925925925926,1,1,0,0,0,0,0,0,0,0,0,0,0,0,0,1,0,0,0
122920,2016,3.6136363636363638,1,0,0,0,0,0,0,0,0,0,0,0,0,0,0,1,1,0,0
122922,2016,3.7045454545454546,1,1,0,0,0,0,0,0,0,0,0,0,0,0,0,1,0,0,0
134130,2015,4.0,0,1,0,0,0,0,0,1,0,0,0,0,0,0,0,1,0,0,0
134853,2015,3.813953488372093,0,1,1,1,1,0,0,1,1,0,0,0,0,0,0,0,0,0,0
139385,2015,3.903225806451613,0,1,0,0,0,0,0,1,0,0,0,0,0,0,0,0,0,0,0
148626,2015,3.9615384615384617,0,0,0,0,0,0,0,1,0,0,0,0,0,0,0,0,0,0,0
152081,2016,3.890625,1,1,1,1,1,0,0,0,0,0,0,0,0,0,0,0,0,0,0
164179,2016,3.980769230769231,0,0,0,0,0,0,0,0,0,0,0,0,0,0,0,1,0,0,0
166528,2016,3.925925925925926,1,1,0,0,0,0,0,0,1,0,0,0,0,0,0,1,0,0,0
168252,2017,4.28,1,0,0,0,0,0,0,0,0,0,0,0,0,0,0,1,0,0,0
