,averageRating,Action,Adventure,Animation,Children,Comedy,Crime,Documentary,Drama,Fantasy,Film-Noir,Horror,IMAX,Musical,Mystery,Romance,Sci-Fi,Thriller,War,Western,year
0,3.939252336448598,0,1,1,1,1,0,0,0,1,0,0,0,0,0,0,0,0,0,0,1995
1,3.463302752293578,0,1,0,1,0,0,0,0,1,0,0,0,0,0,0,0,0,0,0,1995
2,3.323529411764706,0,0,0,0,1,0,0,0,0,0,0,0,0,0,1,0,0,0,0,1995
3,3.1354166666666665,0,0,0,0,1,0,0,0,0,0,0,0,0,0,0,0,0,0,0,1995
4,3.985148514851485,1,0,0,0,0,1,0,0,0,0,0,0,0,0,0,0,1,0,0,1995
5,3.2452830188679247,0,0,0,0,1,0,0,0,0,0,0,0,0,0,1,0,0,0,0,1995
6,3.5229007633587788,1,1,0,0,0,0,0,0,0,0,0,0,0,0,0,0,1,0,0,1995
7,3.7246376811594204,0,0,0,0,1,0,0,1,0,0,0,0,0,0,1,0,0,0,0,1995
8,3.9753086419753085,0,0,0,0,0,1,0,1,0,0,0,0,0,0,0,0,0,0,0,1995
9,3.8333333333333335,0,0,0,0,0,0,0,1,0,0,0,0,0,0,1,0,0,0,0,1995
10,2.7586206896551726,0,0,0,0,1,0,0,0,0,0,0,0,0,0,0,0,0,0,0,1995
11,3.534090909090909,0,0,0,0,1,1,0,0,0,0,0,0,0,0,0,0,1,0,0,1995
12,3.3142857142857145,0,0,0,0,0,1,0,1,0,0,1,0,0,1,0,0,1,0,0,1995
13,3.240740740740741,0,0,0,0,0,0,0,1,0,0,0,0,0,0,0,1,0,0,0,1995
14,3.6733333333333333,0,0,0,0,0,0,0,1,0,0,0,0,0,0,1,0,0,0,0,1995
15,4.121621621621622,0,1,0,0,0,0,0,1,1,0,0,0,0,1,0,1,0,0,0,1995
16,3.27027027027027,0,0,0,0,0,0,0,1,0,0,0,0,0,0,0,0,0,0,0,1995
17,4.005681818181818,0,0,0,0,0,0,0,0,0,0,0,0,0,1,0,1,1,0,0,1995
18,3.6811023622047245,0,0,0,1,0,0,0,1,0,0,0,0,0,0,0,0,0,0,0,1995
19,3.893939393939394,0,0,0,0,0,1,0,1,0,0,0,0,0,0,0,0,0,0,0,1995
20,3.325242718446602,0,0,0,0,1,0,0,0,0,0,0,0,0,0,1,0,0,0,0,1995
21,2.6,1,1,0,0,0,0,0,0,1,0,0,0,0,0,0,0,0,0,0,1995
22,3.4193548387096775,0,0,0,0,1,0,0,1,0,0,0,0,0,0,0,0,1,0,0,1995
23,3.995049504950495,0,0,0,0,0,0,0,0,0,0,0,0,0,1,0,0,1,0,0,1995
24,3.1940298507462686,0,0,1,1,0,0,0,1,0,0,0,0,1,0,1,0,0,0,0,1995
25,4.258620689655173,0,0,0,0,0,1,0,0,0,0,0,0,0,1,0,0,1,0,0,1995
26,3.5925925925925926,0,0,0,0,1,0,0,1,0,0,0,0,0,0,1,0,0,0,0,1995
27,4.138888888888889,0,0,0,0,1,0,0,1,0,0,0,0,0,0,1,0,0,0,0,1994
28,3.3333333333333335,0,1,0,1,0,0,0,0,1,0,0,0,0,0,0,0,0,0,0,1995
29,3.7531645569620253,0,0,0,0,0,0,0,1,0,0,0,0,0,0,0,0,0,0,0,1995
30,2.6166666666666667,0,0,0,0,1,0,0,0,0,0,0,0,0,0,0,0,0,0,0,1996
31,3.574074074074074,1,0,0,0,1,0,0,0,0,0,1,0,0,0,0,0,1,0,0,1996
32,3.0602409638554215,1,1,0,0,0,0,0,0,0,0,0,0,0,0,0,0,1,0,0,1996
33,3.9545454545454546,0,1,0,0,1,1,0,0,0,0,0,0,0,0,1,0,0,0,0,1996
34,3.4744897959183674,0,0,0,0,1,0,0,0,0,0,0,0,0,0,0,0,0,0,0,1996
35,3.4318181818181817,0,0,0,0,0,0,0,1,0,0,0,0,0,0,1,0,0,0,0,1995
36,3.46,0,1,0,1,1,0,0,0,0,0,0,0,1,0,0,0,0,0,0,1996
37,4.048728813559322,1,0,0,0,0,0,0,1,0,0,0,0,0,0,0,0,0,1,0,1995
38,4.145631067961165,0,0,0,0,0,1,0,1,0,0,0,0,0,0,0,0,1,0,0,1976
39,3.6222222222222222,1,1,0,0,1,1,0,0,0,0,0,0,0,0,0,0,0,0,0,1995
40,3.05,0,0,0,0,1,0,0,0,0,0,0,0,0,0,0,0,0,0,0,1996
41,3.5352941176470587,0,0,0,0,1,0,0,0,0,0,0,0,0,0,0,0,0,0,0,1996
42,3.31,1,0,0,0,1,1,0,1,0,0,0,0,0,0,0,0,1,0,0,1995
43,3.865,0,1,0,0,0,0,0,1,0,0,0,1,0,0,0,0,0,0,0,1995
44,3.627906976744186,1,0,0,0,0,0,0,1,0,0,0,0,0,0,1,0,0,1,0,1995
45,2.9375,1,1,0,0,1,1,0,0,0,0,0,0,0,0,0,0,0,0,0,1995
46,2.8524590163934427,0,1,0,1,0,0,0,0,0,0,0,0,0,0,0,0,0,0,0,1995
47,2.9285714285714284,1,1,0,0,0,0,0,0,0,0,0,0,0,1,0,1,0,0,0,1995
48,3.6715686274509802,0,0,0,0,0,0,0,1,0,0,0,0,0,0,0,0,1,1,0,1995
49,3.6153846153846154,1,0,0,0,0,0,0,0,0,0,0,0,0,0,1,0,0,0,1,1995
50,3.5804195804195804,1,0,0,0,0,1,0,0,0,0,0,0,0,0,0,0,1,0,0,1995
51,3.141509433962264,1,0,0,0,0,0,0,1,0,0,0,0,0,0,1,0,0,0,0,1995
52,3.323529411764706,1,1,0,0,0,1,0,0,0,0,0,0,0,0,0,0,1,0,0,1995
53,2.730769230769231,1,0,0,0,0,0,0,0,0,0,0,0,0,0,0,1,1,0,0,1995
54,2.7131147540983607,1,0,0,0,0,1,0,0,0,0,0,0,0,0,0,1,0,0,0,1995
55,3.5,0,0,0,0,1,0,0,0,0,0,0,0,0,0,1,0,0,0,0,1995
56,3.0675675675675675,1,0,0,0,0,1,0,0,0,0,0,0,0,0,0,0,1,0,0,1995
57,2.882978723404255,0,0,0,0,1,0,0,0,0,0,0,0,0,0,1,0,0,0,0,1995
58,2.5441176470588234,0,0,0,0,0,0,0,1,0,0,0,0,0,0,0,0,0,0,0,1995
59,2.727272727272727,0,0,0,0,0,0,0,0,0,0,1,0,0,0,0,1,0,0,0,1995
60,3.3703703703703702,1,0,0,0,0,1,0,1,0,0,0,0,0,1,0,1,1,0,0,1995
61,3.5952380952380953,0,0,0,0,1,0,0,0,0,0,0,0,0,0,0,0,0,0,0,1995
62,2.810344827586207,1,0,0,0,0,0,0,0,0,0,0,0,0,0,0,0,0,0,0,1995
63,3.6,0,0,0,0,0,0,0,1,0,0,0,0,0,0,1,0,0,0,0,1995
64,2.93859649122807,1,1,0,0,0,0,0,0,0,0,0,0,0,0,0,1,0,0,0,1995
65,4.217391304347826,0,0,0,0,0,0,0,1,0,0,0,0,0,0,1,0,0,0,0,1995
66,3.3958333333333335,0,0,0,0,1,0,0,0,0,0,0,0,0,0,0,0,0,0,0,1995
67,3.8932038834951457,0,0,0,0,1,0,0,0,0,0,0,0,0,0,0,0,0,0,0,1994
68,3.7051282051282053,0,0,0,0,1,0,0,1,0,0,0,0,0,0,1,0,0,0,0,1995
69,3.607843137254902,0,0,0,0,0,0,0,1,0,0,0,0,0,0,0,0,1,0,0,1994
70,3.0,1,0,0,0,0,0,0,0,0,0,0,0,0,0,0,0,1,0,0,1994
71,3.5434782608695654,0,0,0,0,0,0,0,1,0,0,0,0,0,0,0,0,1,0,0,1995
72,3.0833333333333335,0,1,0,0,1,0,0,0,0,0,0,0,0,0,0,0,0,0,0,1994
73,3.7318840579710146,0,0,0,0,1,0,0,1,0,0,0,0,0,0,0,0,0,0,0,1994
74,3.5568181818181817,1,0,0,0,1,0,0,0,0,0,0,0,0,0,1,0,0,0,0,1995
75,3.5,0,0,0,0,1,0,0,0,0,0,0,0,0,0,1,0,0,0,0,1995
76,4.446428571428571,0,0,0,0,0,0,1,0,0,0,0,0,0,0,0,0,0,0,0,1994
77,4.125,0,0,0,0,0,1,0,1,0,0,0,0,0,0,0,0,0,0,0,1994
78,3.5357142857142856,0,0,0,0,1,0,0,0,0,0,0,0,0,0,1,0,0,0,0,1994
79,3.490740740740741,0,0,0,0,0,0,0,1,0,0,1,0,0,0,0,0,0,0,0,1994
80,2.911764705882353,0,0,0,0,1,0,0,0,0,0,0,0,0,0,0,1,0,0,0,1994
81,4.248,1,1,0,0,0,0,0,0,0,0,0,0,0,0,0,1,0,0,0,1977
82,3.975609756097561,0,0,0,0,0,0,0,1,0,0,0,0,0,0,0,0,0,0,0,1994
83,4.1,0,0,0,1,0,0,0,1,0,0,0,0,0,0,0,0,0,0,0,1995
84,4.0625,0,0,0,0,0,0,0,1,1,0,0,0,0,0,1,0,0,0,0,1992
85,3.4477611940298507,0,0,0,0,0,0,0,1,0,0,0,0,0,0,1,0,0,1,1,1994
86,3.8833333333333333,0,0,0,0,1,0,0,1,0,0,0,0,0,0,0,0,0,0,0,1994
87,3.0555555555555554,0,0,0,0,0,0,0,1,0,0,1,0,0,0,0,1,0,0,0,1994
88,3.4047619047619047,0,0,0,0,1,0,0,0,0,0,0,0,0,0,1,0,0,0,0,1994
89,3.310810810810811,0,0,0,0,0,0,0,1,0,0,0,0,0,0,0,0,0,0,0,1994
90,3.423076923076923,0,0,0,0,0,0,0,1,0,0,0,0,0,0,0,0,0,0,0,1994
91,3.269230769230769,1,0,0,0,0,1,0,0,0,0,0,0,0,0,0,0,1,0,0,1994
92,3.46,1,0,0,0,0,0,0,1,0,0,0,0,0,0,0,1,1,0,0,1995
93,4.049242424242424,1,0,0,0,0,1,0,1,0,0,0,0,0,0,0,0,1,0,0,1994
94,4.21078431372549,0,0,0,0,1,1,0,1,0,0,0,0,0,0,0,0,1,0,0,1994
95,3.5625,0,0,0,0,0,0,0,1,0,0,0,0,0,0,0,0,0,0,0,1994
96,3.0483870967741935,1,0,0,0,0,0,0,0,0,0,0,0,0,0,0,0,1,0,1,1995
97,4.065217391304348,0,0,0,0,0,0,0,1,0,0,0,0,0,0,0,0,0,0,0,1993
98,3.1621621621621623,1,0,0,0,0,0,0,1,0,0,0,0,0,0,0,0,1,0,0,1994
99,3.3992805755395685,1,1,0,0,0,0,0,0,0,0,0,0,0,0,0,1,0,0,0,1994
100,3.24375,0,0,0,0,1,0,0,1,1,0,0,0,0,0,0,0,0,0,0,1994
101,4.443037974683544,0,0,0,0,0,1,0,1,0,0,0,0,0,0,0,0,0,0,0,1994
102,2.909090909090909,1,0,0,0,1,0,0,0,0,0,0,0,0,0,0,1,0,0,0,1995
103,3.425233644859813,0,1,0,0,0,0,0,1,0,0,0,0,0,0,0,1,0,0,0,1994
104,3.857142857142857,0,0,0,0,1,0,0,0,0,0,0,0,0,0,0,0,0,0,0,1995
105,3.8157894736842106,0,0,0,0,0,0,0,1,0,0,0,0,0,0,0,0,0,0,0,1993
106,3.5051546391752577,0,0,0,0,1,0,0,0,0,0,0,0,0,0,1,0,0,0,0,1995
107,3.375,0,0,0,0,1,0,0,0,0,0,0,0,0,0,0,0,0,0,0,1994
108,3.059375,0,0,0,0,1,0,0,0,0,0,0,0,0,0,0,0,0,0,0,1994
109,3.7,0,0,0,0,1,0,0,1,0,0,0,0,0,0,0,0,0,0,0,1994
110,3.706896551724138,0,0,0,0,1,0,0,0,0,0,0,0,0,0,0,0,0,0,0,1994
111,3.6376146788990824,1,0,0,0,0,1,0,1,0,0,0,0,0,0,0,0,1,0,0,1994
112,3.4464285714285716,0,0,0,0,0,0,0,1,0,0,0,0,0,1,0,0,1,0,0,1994
113,3.6666666666666665,1,0,0,0,0,1,0,0,1,0,0,0,0,0,0,0,1,0,0,1994
114,2.4146341463414633,0,0,0,1,1,0,0,0,1,0,0,0,0,0,0,0,0,0,0,1994
115,4.176829268292683,0,0,0,0,1,0,0,1,0,0,0,0,0,0,1,0,0,1,0,1994
116,3.553921568627451,0,0,0,0,1,0,0,0,0,0,0,0,0,0,1,0,0,0,0,1994
117,3.6363636363636362,0,1,0,1,0,0,0,0,0,0,0,0,0,0,1,0,0,0,0,1994
118,3.9649122807017543,0,1,1,1,0,0,0,1,0,0,0,1,1,0,0,0,0,0,0,1994
119,3.2051282051282053,1,0,0,0,1,1,0,0,1,0,0,0,0,0,0,0,0,0,0,1994
120,3.547945205479452,0,1,0,0,1,0,0,0,0,0,0,0,0,0,0,0,0,0,1,1994
121,3.1140350877192984,1,0,0,0,1,0,0,0,0,0,0,0,0,0,0,0,0,0,0,1994
122,3.475,0,0,0,0,1,0,0,1,0,0,0,0,0,0,0,0,0,0,0,1994
123,2.9,0,0,0,0,1,0,0,1,0,0,0,0,0,0,1,0,0,0,0,1994
124,2.2916666666666665,0,0,0,1,1,0,0,0,0,0,0,0,0,0,0,0,0,0,0,1994
125,3.3333333333333335,1,0,0,0,0,0,0,0,0,0,0,0,0,0,0,0,1,0,0,1994
126,3.55,1,0,0,0,0,0,0,0,0,0,0,0,0,0,1,0,1,0,0,1994
127,2.625,1,0,0,0,0,0,0,0,0,0,0,0,0,0,0,1,1,0,0,1994
128,3.516949152542373,1,1,0,0,1,0,0,0,0,0,0,0,0,0,1,0,1,0,0,1994
129,3.25,0,0,0,0,0,0,0,0,0,0,0,0,0,0,0,0,0,0,1,1994
130,3.13855421686747,0,0,0,1,1,0,0,0,1,0,0,0,0,0,0,0,0,0,0,1993
131,2.9,0,0,0,0,1,0,0,0,0,0,0,0,0,0,0,0,0,0,0,1994
132,2.7672413793103448,1,0,0,0,1,1,0,0,0,0,0,0,0,0,0,0,1,0,0,1994
133,3.8292682926829267,0,0,0,0,0,1,0,1,0,0,0,0,0,0,0,0,0,0,0,1993
134,2.6944444444444446,0,1,0,0,1,0,0,0,0,0,0,0,0,0,0,0,0,0,1,1994
135,3.065,1,1,0,0,0,0,0,0,0,0,0,0,0,0,0,0,1,0,0,1993
136,2.4596774193548385,0,0,0,0,1,0,0,0,0,0,0,0,0,0,0,1,0,0,0,1993
137,3.5933333333333333,0,0,0,0,1,0,0,0,0,0,0,0,0,0,1,0,0,0,0,1993
138,4.024390243902439,0,0,0,0,1,0,0,0,0,0,0,0,0,0,0,0,0,0,0,1993
139,3.13125,1,1,0,0,0,0,0,0,0,0,0,0,0,0,0,1,0,0,0,1993
140,3.57,0,0,0,0,0,0,0,1,0,0,0,0,0,0,0,0,1,0,0,1993
141,2.4583333333333335,0,1,0,1,0,0,0,1,0,0,0,0,0,0,0,0,0,0,0,1993
142,4.0132275132275135,0,0,0,0,0,0,0,0,0,0,0,0,0,0,0,0,1,0,0,1993
143,2.9152542372881354,1,0,0,0,1,0,0,0,0,0,0,0,0,0,0,0,0,1,0,1993
144,3.357142857142857,0,0,0,0,1,0,0,0,0,0,0,0,0,0,1,0,0,0,0,1995
145,3.641025641025641,0,0,0,0,1,0,0,0,0,0,0,0,0,0,0,0,0,0,0,1994
146,3.746376811594203,1,0,0,0,0,0,0,0,0,0,0,0,0,0,0,0,1,0,0,1993
147,4.479166666666667,0,0,0,0,0,0,0,1,0,0,0,0,0,0,0,0,0,0,0,1993
148,3.7658227848101267,1,1,0,0,0,0,0,0,0,0,0,0,0,0,0,1,1,0,0,1993
149,2.9903846153846154,1,1,0,0,1,0,0,0,1,0,0,0,0,0,0,0,0,0,0,1993
150,3.4625,1,1,0,0,0,0,0,0,0,0,0,0,0,0,0,0,1,0,0,1996
151,3.9047619047619047,0,0,0,0,1,0,0,0,0,0,0,0,0,0,1,0,0,0,0,1993
152,3.4125874125874125,0,0,0,0,1,0,0,1,0,0,0,0,0,0,0,0,0,0,0,1993
153,3.669230769230769,0,0,0,0,0,0,0,1,0,0,0,0,0,0,0,0,0,0,0,1993
154,3.6,0,0,0,0,0,0,0,1,0,0,0,0,0,0,1,0,0,0,0,1993
155,3.760869565217391,0,0,0,0,0,0,0,1,0,0,0,0,0,0,1,0,0,0,0,1993
156,2.525,1,0,0,0,0,1,0,1,0,0,0,0,0,0,0,1,1,0,0,1993
157,3.176470588235294,0,0,0,0,1,0,0,0,0,0,0,0,0,0,0,0,0,0,0,1993
158,3.590909090909091,0,0,0,0,0,0,0,1,0,0,0,0,0,0,0,0,0,0,0,1993
159,4.244292237442922,0,0,0,0,0,0,0,1,0,0,0,0,0,0,0,0,0,1,0,1993
160,3.9743589743589745,0,0,0,0,0,0,0,1,0,0,0,0,0,0,0,0,0,0,0,1993
161,3.391304347826087,0,0,0,1,0,0,0,1,0,0,0,0,0,0,0,0,0,0,0,1993
162,3.5047619047619047,0,0,0,0,1,0,0,1,0,0,0,0,0,0,1,0,0,0,0,1993
163,4.134146341463414,1,0,0,0,0,0,0,0,0,0,0,0,0,0,0,1,1,0,0,1982
164,3.4,0,0,0,0,1,0,0,0,0,0,0,0,0,0,1,0,1,0,0,1993
165,2.1,1,1,0,1,1,0,0,0,1,0,0,0,0,0,0,1,0,0,0,1993
166,3.592391304347826,0,0,1,1,0,0,0,0,1,0,0,0,1,0,0,0,0,0,0,1993
167,3.316666666666667,1,1,0,0,1,0,0,0,0,0,0,0,0,0,1,0,0,0,0,1993
168,3.875,1,0,0,0,0,0,0,1,0,0,0,0,0,0,0,0,0,0,1,1993
169,3.859375,0,0,0,0,0,1,0,0,0,0,0,0,0,0,0,0,1,0,0,1993
170,3.7045454545454546,0,0,0,0,1,0,0,1,0,0,0,0,0,0,0,0,0,0,0,1995
171,2.8142857142857145,0,0,0,0,1,0,0,0,0,0,0,0,0,0,0,0,0,0,0,1995
172,3.0217391304347827,0,0,0,1,1,0,0,0,0,0,0,0,0,0,0,0,0,0,0,1990
173,3.4649122807017543,0,0,0,0,1,0,0,1,1,0,0,0,0,0,1,0,1,0,0,1990
174,3.8131868131868134,0,1,1,1,1,0,0,0,0,0,0,0,1,0,0,0,0,0,0,1992
175,3.9887892376681613,1,0,0,0,0,0,0,0,0,0,0,0,0,0,0,1,0,0,0,1991
176,3.8588957055214723,0,1,0,0,0,0,0,1,0,0,0,0,0,0,0,0,0,0,1,1990
177,3.4468085106382977,1,0,0,0,0,1,0,0,0,0,0,0,0,0,0,0,1,0,0,1989
178,4.176258992805756,0,0,0,0,0,1,0,0,0,0,1,0,0,0,0,0,1,0,0,1991
179,3.664473684210526,0,0,1,1,0,0,0,1,1,0,0,0,1,0,0,0,0,0,0,1937
180,3.796551724137931,0,0,1,1,0,0,0,0,1,0,0,1,1,0,1,0,0,0,0,1991
181,3.5084745762711864,0,0,1,1,0,0,0,0,1,0,0,0,1,0,0,0,0,0,0,1940
182,3.5111940298507465,0,0,0,0,1,0,0,0,0,0,0,0,0,0,1,0,0,0,0,1990
183,4.138888888888889,0,0,0,0,1,1,0,1,0,0,0,0,0,0,0,0,1,0,0,1996
184,3.65625,1,1,1,0,0,0,0,0,0,0,1,0,0,0,0,1,0,0,0,1981
185,3.4886363636363638,0,0,1,1,0,0,0,0,0,0,0,0,0,0,0,0,0,0,0,1970
186,3.75,0,0,0,0,0,1,0,1,0,0,0,0,0,1,0,0,1,0,0,1996
187,3.140625,0,0,0,0,1,0,0,0,0,0,0,0,0,0,0,0,0,0,0,1996
188,3.4464285714285716,1,0,0,0,0,1,0,1,0,0,0,0,0,0,0,0,0,1,0,1996
189,3.559006211180124,1,1,0,0,0,0,0,0,0,0,0,0,0,1,0,0,1,0,0,1996
190,3.140625,1,1,0,0,0,0,0,0,1,0,0,0,0,0,0,0,0,0,0,1996
191,3.5208333333333335,0,1,1,1,0,0,0,0,1,0,0,0,1,0,0,0,0,0,0,1996
192,3.585714285714286,0,0,0,0,1,0,0,0,0,0,0,0,0,0,0,1,0,0,0,1996
193,2.7596153846153846,0,1,1,1,1,0,0,0,1,0,0,0,0,0,0,1,0,0,0,1996
194,3.025,0,0,0,0,0,1,0,1,0,0,0,0,0,0,0,0,1,0,0,1996
195,3.4473684210526314,0,0,0,0,1,0,0,0,0,0,0,0,0,0,1,0,0,0,0,1996
196,2.926470588235294,0,0,0,0,1,0,0,0,0,0,0,0,0,0,0,0,0,0,0,1996
197,4.25,0,1,1,0,1,0,0,0,0,0,0,0,0,0,0,0,0,0,0,1996
198,3.1333333333333333,0,0,0,0,0,0,0,1,1,0,1,0,0,0,0,0,1,0,0,1996
199,3.6708333333333334,1,1,0,0,0,0,0,0,0,0,0,0,0,0,0,0,1,0,0,1996
200,3.348360655737705,1,1,0,0,0,0,0,0,0,0,0,0,0,0,1,0,1,0,0,1996
201,4.3076923076923075,0,0,1,0,0,0,0,0,0,0,0,0,0,0,0,1,0,0,0,1995
202,2.607142857142857,0,0,0,0,1,0,0,0,0,0,0,0,0,0,0,0,0,0,0,1996
203,3.978723404255319,0,0,1,1,1,0,0,0,0,0,0,0,0,0,0,0,0,0,0,1995
204,3.261904761904762,1,0,0,0,0,0,0,0,0,0,0,0,0,0,0,1,1,0,0,1996
205,4.3125,0,0,0,0,1,0,0,0,0,0,0,0,0,0,0,0,0,1,0,1964
206,2.475,0,0,0,0,1,1,0,0,0,0,0,0,0,0,0,0,0,0,0,1996
207,4.079207920792079,0,0,0,0,1,1,0,1,0,0,0,0,0,0,0,0,0,0,0,1996
208,3.462686567164179,1,1,0,0,0,0,0,0,0,0,0,0,0,0,0,1,1,0,0,1996
209,3.402173913043478,0,0,1,1,0,0,0,1,0,0,0,0,1,0,1,0,0,0,0,1996
210,2.858490566037736,0,0,0,0,1,0,0,0,0,0,0,0,0,0,0,0,1,0,0,1996
211,3.451219512195122,0,0,0,0,1,0,0,0,0,0,0,0,0,0,0,0,0,0,0,1996
212,3.1587301587301586,1,0,0,0,0,0,0,1,0,0,0,0,0,0,0,0,1,0,0,1996
213,2.765432098765432,0,0,0,0,1,0,0,0,1,0,0,0,0,0,1,1,0,0,0,1996
214,3.6136363636363638,0,0,0,0,1,0,0,0,0,0,1,0,0,0,0,0,1,0,0,1996
215,3.411111111111111,0,0,0,0,0,0,0,1,0,0,0,0,0,0,1,0,0,0,0,1996
216,3.764705882352941,0,0,0,0,0,0,0,1,0,0,0,0,0,0,0,0,1,0,0,1996
217,3.225,0,0,0,0,1,0,0,0,0,0,0,0,0,0,0,0,0,0,0,1996
218,3.4305555555555554,0,0,0,0,0,1,0,0,0,0,0,0,0,0,0,0,1,0,0,1996
219,3.375,0,0,0,1,1,0,0,0,1,0,0,0,0,0,0,0,0,0,0,1996
220,4.051724137931035,0,0,0,0,1,0,0,1,0,0,0,0,0,0,1,0,0,0,0,1996
221,2.988372093023256,1,1,0,0,0,0,0,0,0,0,0,0,0,0,0,1,1,0,0,1996
222,3.25,0,0,0,0,1,0,0,1,0,0,0,0,0,0,1,0,0,0,0,1996
223,4.31151832460733,0,0,0,0,0,1,0,1,0,0,0,0,0,0,0,0,0,0,0,1972
224,4.181818181818182,0,0,0,0,0,1,0,1,0,0,0,0,0,0,1,0,1,0,0,1996
225,2.8461538461538463,0,0,0,0,0,0,0,0,0,0,0,0,0,0,0,1,1,0,0,1996
226,4.464285714285714,0,0,0,0,1,0,0,1,0,0,0,0,0,0,1,0,0,0,0,1940
227,4.163043478260869,0,0,0,0,1,0,0,0,0,0,0,0,1,0,1,0,0,0,0,1952
228,3.9571428571428573,0,0,0,0,0,0,0,1,0,0,0,0,0,0,1,0,0,0,0,1961
229,4.093220338983051,0,0,0,0,0,0,0,1,0,0,0,0,0,1,1,0,1,0,0,1958
230,4.313253012048193,0,0,0,0,0,0,0,0,0,0,0,0,0,1,0,0,1,0,0,1954
231,4.258928571428571,1,1,0,0,0,0,0,0,0,0,0,0,0,1,1,0,1,0,0,1959
232,4.115384615384615,0,0,0,0,1,0,0,1,0,0,0,0,0,0,1,0,0,0,0,1960
233,4.091836734693878,0,0,0,0,1,1,0,0,0,0,0,0,0,0,0,0,0,0,0,1959
234,4.282828282828283,0,0,0,0,0,0,0,1,0,0,0,0,0,0,1,0,0,0,0,1942
235,4.267441860465116,0,0,0,0,0,0,0,0,0,1,0,0,0,1,0,0,0,0,0,1941
236,4.161764705882353,0,0,0,0,1,0,0,1,0,0,0,0,1,0,1,0,0,0,0,1964
237,3.896551724137931,0,0,0,0,1,0,0,0,0,0,0,0,0,0,1,0,0,0,0,1954
238,4.22,0,0,0,0,1,0,0,1,0,0,0,0,0,0,1,0,0,0,0,1953
239,3.923076923076923,0,1,0,1,0,0,0,0,1,0,0,0,1,0,0,0,0,0,0,1939
240,3.727272727272727,0,0,0,0,0,0,0,1,0,0,0,0,0,0,1,0,0,1,0,1939
241,4.5,0,0,0,0,0,0,0,1,0,1,0,0,0,0,1,0,0,0,0,1950
242,4.102941176470588,0,0,0,0,0,0,0,1,0,0,0,0,0,1,0,0,0,0,0,1941
243,3.9305555555555554,0,1,0,0,0,0,0,1,0,0,0,0,0,0,0,1,0,0,0,1968
244,4.413043478260869,0,0,0,0,0,0,0,1,0,0,0,0,0,0,0,0,0,0,0,1950
245,4.409090909090909,0,0,0,0,0,1,0,0,0,0,0,0,0,1,1,0,1,0,0,1955
246,4.105263157894737,0,0,0,1,0,0,0,1,1,0,0,0,0,0,1,0,0,0,0,1946
247,3.888888888888889,0,0,0,0,0,0,0,0,0,0,1,0,0,0,0,1,1,0,0,1968
248,4.090909090909091,0,1,0,0,1,0,0,0,0,0,0,0,0,0,1,0,0,1,0,1951
249,3.1666666666666665,0,0,0,0,1,0,0,0,0,0,0,0,0,0,0,0,0,0,0,1993
250,2.423076923076923,0,0,0,1,1,0,0,0,0,0,0,0,0,0,0,0,0,0,0,1994
251,3.573170731707317,0,0,1,1,0,0,0,0,1,0,0,0,1,0,1,0,0,0,0,1950
252,3.7291666666666665,0,0,1,1,0,0,0,0,1,0,0,0,1,0,0,0,0,0,0,1963
253,3.1296296296296298,0,1,0,0,0,0,0,1,0,0,0,0,0,0,0,0,0,0,0,1991
254,3.942857142857143,0,0,0,1,1,0,0,0,1,0,0,0,1,0,0,0,0,0,0,1964
255,3.485294117647059,0,0,1,1,0,0,0,1,0,0,0,0,1,0,0,0,0,0,0,1941
256,3.630434782608696,0,1,0,1,0,0,0,0,0,0,0,0,1,0,0,0,0,0,0,1971
257,3.4615384615384617,0,1,1,1,0,0,0,0,1,0,0,0,1,0,0,0,0,0,0,1951
258,4.0,0,0,0,0,0,0,0,0,0,0,0,0,1,0,1,0,0,0,0,1965
259,3.888888888888889,1,0,0,0,0,1,0,0,0,0,0,0,0,0,0,0,1,0,0,1988
260,2.891304347826087,1,0,0,0,0,0,0,0,0,0,1,0,0,0,0,1,1,0,0,1992
261,3.3536585365853657,0,0,0,0,1,0,0,1,0,0,0,0,0,0,0,0,0,0,0,1996
262,3.421875,1,0,0,0,0,0,0,1,0,0,0,0,0,0,0,0,1,0,0,1996
263,3.65,1,1,0,0,0,0,0,0,0,0,0,0,0,0,0,0,0,0,0,1996
264,3.8285714285714287,0,0,0,0,0,0,0,1,0,0,0,0,0,0,1,0,0,0,0,1996
265,3.8,0,0,0,0,1,0,0,1,0,0,0,0,0,0,0,0,0,0,0,1996
266,3.8035714285714284,0,0,0,0,0,0,0,0,0,0,0,0,0,0,0,0,1,0,0,1996
267,3.906779661016949,0,0,0,1,1,0,0,0,1,0,0,0,1,0,0,0,0,0,0,1971
268,3.888888888888889,0,0,0,0,1,0,0,0,0,0,0,0,0,0,0,1,0,0,0,1973
269,3.9785714285714286,0,0,0,0,1,1,0,0,0,0,0,0,0,0,0,0,0,0,0,1988
270,3.971590909090909,0,0,0,0,1,0,0,0,0,0,0,0,0,0,0,0,0,0,0,1979
271,4.1911764705882355,0,0,0,0,0,1,0,1,0,0,0,0,0,0,0,0,0,0,0,1967
272,4.270833333333333,0,0,0,0,0,1,0,0,0,0,0,0,0,1,0,0,1,0,0,1954
273,3.451219512195122,0,0,0,0,0,0,0,1,0,0,0,0,1,0,1,0,0,0,0,1987
274,4.234615384615385,0,0,0,0,0,1,0,0,0,0,0,0,0,1,0,0,1,0,0,1992
275,4.048387096774194,0,0,0,0,0,0,0,1,0,0,0,0,0,0,0,0,0,1,0,1986
276,2.675,0,0,0,0,1,0,0,0,0,0,0,0,0,0,0,0,0,0,0,1989
277,3.260869565217391,0,0,0,0,0,1,0,0,0,0,0,0,0,1,0,0,1,0,0,1992
278,3.5,0,0,0,0,0,0,0,1,0,0,0,0,0,0,0,0,0,0,0,1991
279,3.524390243902439,0,0,0,0,0,0,0,1,0,0,0,0,0,0,1,0,1,0,0,1992
280,3.7975206611570247,0,0,0,1,0,0,0,1,0,0,0,0,0,0,0,1,0,0,0,1982
281,3.341463414634146,1,0,0,0,0,0,0,0,0,0,0,0,0,0,1,0,0,0,0,1986
282,3.673076923076923,0,0,0,0,1,0,0,1,0,0,0,0,0,0,0,0,0,0,0,1996
283,3.847826086956522,0,0,0,0,1,1,0,0,0,0,0,0,0,0,0,0,0,0,0,1975
284,3.5327868852459017,1,1,0,0,0,0,0,0,0,0,0,0,0,0,0,1,1,0,0,1989
285,3.539473684210526,1,1,0,0,0,0,0,0,0,0,0,0,0,0,0,1,1,0,0,1981
286,4.192592592592592,0,1,0,0,1,0,0,0,1,0,0,0,0,0,0,0,0,0,0,1975
287,4.109090909090909,0,0,1,1,1,1,0,0,0,0,0,0,0,0,0,0,0,0,0,1993
288,4.287878787878788,0,0,0,0,0,0,0,1,0,0,0,0,0,0,0,0,0,0,0,1989
289,4.025,0,0,0,0,1,0,0,1,0,0,0,0,0,0,1,0,0,0,0,1991
290,3.769230769230769,0,0,0,0,0,1,0,1,0,1,0,0,0,0,0,0,0,0,0,1990
291,3.7954545454545454,0,0,0,0,0,0,0,1,0,0,0,0,0,0,1,0,0,1,0,1996
292,3.75,0,0,0,0,0,0,0,1,0,0,0,0,0,0,0,0,0,0,0,1989
293,3.8333333333333335,0,0,0,0,1,0,0,0,0,0,0,0,0,0,1,0,0,0,0,1992
294,4.234848484848484,0,0,0,0,0,0,0,1,0,0,0,0,0,0,0,0,0,0,0,1975
295,4.235714285714286,1,1,0,0,0,0,0,0,0,0,0,0,0,0,0,1,0,0,0,1980
296,4.26241134751773,1,1,0,0,1,0,0,0,1,0,0,0,0,0,1,0,0,0,0,1987
297,4.228643216080402,1,1,0,0,0,0,0,0,0,0,0,0,0,0,0,0,0,0,0,1981
298,4.25,0,0,0,0,0,0,0,0,1,0,0,0,0,0,0,1,0,0,0,1985
299,3.996,1,1,0,0,0,0,0,0,0,0,1,0,0,0,0,1,0,0,0,1986
300,4.204225352112676,1,1,0,0,0,0,0,0,0,0,0,0,0,0,0,0,0,0,1,1966
301,4.223214285714286,0,0,0,0,0,0,0,1,0,0,0,0,0,0,0,0,0,0,0,1957
302,4.3977272727272725,0,1,0,0,0,0,0,1,0,0,0,0,0,0,0,0,0,1,0,1962
303,4.029411764705882,0,0,0,0,0,1,0,1,0,0,0,0,0,0,0,1,1,0,0,1971
304,4.192982456140351,0,0,0,0,0,0,0,1,0,0,0,0,0,0,0,0,0,0,0,1962
305,4.259433962264151,1,0,0,0,0,0,0,1,0,0,0,0,0,0,0,0,0,1,0,1979
306,4.158974358974359,1,1,0,0,0,0,0,0,0,0,0,0,0,0,0,1,0,0,0,1983
307,4.413043478260869,0,0,0,0,0,0,0,0,0,1,0,0,0,1,0,0,1,0,0,1949
308,4.284,0,0,0,0,0,1,0,1,0,0,0,0,0,0,0,0,0,0,0,1990
309,3.996551724137931,0,0,0,0,0,0,0,0,0,0,1,0,0,0,0,1,0,0,0,1979
310,4.12,1,1,0,0,1,0,0,0,1,0,1,0,0,0,0,0,0,0,0,1993
311,4.085365853658536,0,0,0,0,0,1,0,0,0,0,1,0,0,0,0,0,0,0,0,1960
312,3.855421686746988,1,0,0,0,1,0,0,0,0,0,0,0,1,0,0,0,0,0,0,1980
313,4.29296875,0,0,0,0,0,1,0,1,0,0,0,0,0,0,0,0,0,0,0,1974
314,4.138613861386139,0,0,0,0,0,0,0,1,0,0,0,0,0,0,0,0,0,1,0,1987
315,4.2407407407407405,0,1,1,1,1,0,0,0,0,0,0,0,0,0,0,1,0,0,0,1989
316,4.24,0,0,0,0,0,0,0,1,0,0,0,0,0,0,0,0,0,0,0,1984
317,4.294871794871795,0,0,0,0,0,0,0,1,0,0,0,0,0,0,0,0,0,0,0,1980
318,3.93859649122807,0,0,0,0,1,0,0,0,0,0,0,0,0,0,1,0,0,0,0,1977
319,4.0476190476190474,0,0,0,0,0,0,0,1,0,0,0,0,0,0,0,0,0,0,0,1983
320,4.32051282051282,1,0,0,0,0,0,0,1,0,0,0,0,0,0,0,0,0,1,0,1981
321,4.0396825396825395,0,0,0,0,1,1,0,0,0,0,0,0,0,0,0,0,0,0,0,1973
322,4.46,0,0,0,0,1,0,0,1,0,0,0,0,0,0,1,0,0,0,0,1971
323,3.9269230769230767,1,0,0,0,0,0,0,0,0,0,0,0,0,0,0,1,1,0,0,1984
324,4.275,0,0,0,0,0,0,0,1,0,0,0,0,0,0,0,0,0,1,0,1989
325,4.234375,0,0,0,0,1,0,0,1,0,0,0,0,0,0,1,0,0,0,0,1979
326,4.0058823529411764,0,0,0,0,0,0,0,1,0,0,0,0,0,0,0,0,0,0,0,1989
327,4.115384615384615,0,0,0,0,1,0,0,1,0,0,0,0,0,0,1,0,0,0,0,1967
328,4.1911764705882355,1,0,0,0,0,1,0,0,0,0,0,0,0,0,1,0,1,0,0,1990
329,4.215909090909091,0,1,0,0,0,0,0,1,0,0,0,0,0,0,0,0,0,1,0,1957
330,4.2844827586206895,0,0,0,0,0,1,0,0,0,1,0,0,0,1,0,0,1,0,0,1974
331,3.9791666666666665,0,0,0,0,0,0,0,1,0,0,0,0,0,0,0,1,1,0,0,1951
332,3.977272727272727,0,0,0,0,1,0,0,0,0,0,0,0,1,0,0,0,0,1,0,1933
333,3.826923076923077,0,0,0,0,1,0,0,0,0,0,0,0,0,0,1,0,0,0,0,1985
334,4.12037037037037,0,0,0,0,0,0,0,0,0,0,1,0,0,0,0,0,0,0,0,1980
335,4.05,0,1,0,0,0,0,0,1,0,0,0,0,0,0,0,0,0,0,0,1986
336,4.166666666666667,1,0,0,0,1,0,0,0,1,0,1,0,0,0,0,0,0,0,0,1987
337,4.226190476190476,1,1,0,0,0,0,0,1,0,0,0,0,0,0,0,0,0,1,0,1963
338,3.9166666666666665,0,0,0,0,0,0,0,1,0,0,0,0,0,0,0,0,0,1,0,1978
339,3.971830985915493,0,0,0,0,1,0,0,0,1,0,0,0,0,0,1,0,0,0,0,1993
340,4.204545454545454,0,0,0,0,0,0,0,1,0,0,0,0,0,0,0,0,0,0,1,1992
341,4.396551724137931,0,0,0,0,0,1,0,0,0,0,0,0,0,0,0,0,1,1,0,1962
342,4.017857142857143,0,0,0,0,1,0,0,0,0,0,0,0,0,1,0,0,1,0,0,1944
343,4.061764705882353,0,1,0,0,1,0,0,0,0,0,0,0,0,0,0,1,0,0,0,1985
344,3.6206896551724137,0,0,0,0,1,1,0,1,0,0,0,0,0,0,0,0,0,0,0,1991
345,4.25,0,0,0,0,0,0,0,1,0,0,0,0,0,0,0,0,0,1,0,1970
346,3.8421052631578947,1,1,1,0,0,0,0,0,0,0,0,0,0,0,0,1,0,0,0,1988
347,3.8085106382978724,1,1,0,0,0,0,0,0,1,0,0,0,0,0,0,0,0,0,0,1986
348,4.348214285714286,0,0,0,0,0,0,0,1,0,0,0,0,0,0,0,0,0,0,0,1967
349,4.051470588235294,0,0,0,0,1,0,0,0,1,0,0,0,0,0,0,0,0,0,0,1974
350,3.855769230769231,0,0,1,1,0,0,0,0,1,0,0,0,1,0,0,0,0,0,0,1940
351,3.825,0,0,0,0,1,0,0,0,0,0,0,0,0,0,0,0,0,0,0,1989
352,4.0606060606060606,1,1,0,0,0,0,0,1,0,0,0,0,0,0,0,0,0,0,0,1959
353,4.076923076923077,0,0,0,0,1,0,0,0,0,0,0,0,0,0,0,0,0,0,0,1984
354,4.075539568345324,1,1,0,0,0,0,0,0,0,0,0,0,0,0,0,0,0,0,0,1989
355,3.980769230769231,0,0,0,0,0,0,0,1,0,0,0,0,0,0,0,0,0,0,0,1982
356,3.9318181818181817,0,0,0,0,0,0,0,1,0,0,0,0,1,0,0,0,0,0,0,1982
357,4.166666666666667,0,0,0,0,0,0,0,1,0,0,0,0,0,0,0,0,0,1,0,1984
358,3.581818181818182,0,0,0,1,0,0,0,1,1,0,0,0,0,0,0,0,0,0,0,1989
359,4.008196721311475,1,0,0,0,0,0,0,0,0,0,0,0,0,0,0,0,0,0,1,1969
360,3.9047619047619047,0,0,0,0,1,0,0,0,0,0,0,0,0,0,1,0,0,0,0,1989
361,3.217391304347826,1,0,0,0,0,0,0,0,0,0,1,0,0,0,0,1,1,0,0,1992
362,3.5681818181818183,0,0,0,0,1,0,0,0,0,0,1,0,0,0,0,0,1,0,0,1981
363,3.686046511627907,0,0,0,0,0,0,0,0,0,0,1,0,0,0,0,0,1,0,0,1963
364,3.5892857142857144,0,0,0,0,0,0,0,0,1,0,1,0,0,0,1,0,1,0,0,1992
365,3.9375,0,0,0,0,0,0,0,0,0,0,0,0,0,0,0,0,1,0,0,1991
366,3.442857142857143,0,0,0,0,0,0,0,1,1,0,1,0,0,0,0,0,1,0,0,1976
367,3.1153846153846154,0,0,0,0,0,0,0,0,0,0,1,0,0,0,0,0,1,0,0,1984
368,4.0,0,0,0,0,0,0,0,0,0,0,1,0,0,1,0,0,1,0,0,1976
369,3.922222222222222,1,1,0,0,0,0,0,0,0,0,0,0,0,0,0,1,1,0,0,1996
370,4.173913043478261,0,0,0,0,0,0,0,1,0,0,0,0,0,0,1,0,0,0,0,1996
371,3.9239130434782608,0,0,0,0,0,0,0,1,0,0,0,0,0,0,0,0,0,0,0,1996
372,3.141304347826087,0,1,0,1,1,0,0,0,0,0,0,0,0,0,0,0,0,0,0,1996
373,3.455223880597015,1,1,0,0,0,0,0,0,0,0,0,0,0,0,0,0,1,0,0,1990
374,3.1136363636363638,0,1,0,0,0,0,0,0,0,0,0,0,0,0,0,1,0,0,0,1979
375,3.426829268292683,1,0,0,0,0,0,0,0,0,0,0,0,0,1,0,1,0,0,0,1991
376,2.7586206896551726,1,0,0,0,0,0,0,0,0,0,0,0,0,0,0,1,0,0,0,1989
377,3.8278688524590163,1,1,0,0,0,0,0,0,0,0,0,0,0,0,0,1,1,0,0,1982
378,3.341463414634146,1,1,0,0,0,0,0,0,0,0,0,0,0,0,0,1,0,0,0,1984
379,3.5595238095238093,0,1,0,0,1,0,0,0,0,0,0,0,0,0,0,1,0,0,0,1986
380,3.0762711864406778,1,0,0,0,0,1,0,0,0,0,0,0,0,0,0,0,0,0,0,1992
381,3.2291666666666665,1,0,0,0,1,0,0,0,0,0,0,0,0,0,0,0,0,0,1,1988
382,3.1865671641791047,0,0,0,0,1,0,0,0,0,0,0,0,1,0,1,0,0,0,0,1978
383,2.9782608695652173,1,0,0,0,0,0,0,1,0,0,0,0,0,0,0,0,1,0,0,1992
384,4.05,1,0,0,0,0,0,0,0,0,0,1,0,0,0,0,0,0,0,0,1975
385,3.1294117647058823,1,0,0,0,1,0,0,0,0,0,0,0,0,0,0,1,0,0,0,1996
386,3.636904761904762,0,0,0,0,0,0,0,1,0,0,0,0,0,0,1,0,0,0,0,1996
387,4.06140350877193,0,0,0,0,1,0,0,0,0,0,0,0,0,0,0,0,0,0,0,1987
388,3.5555555555555554,1,0,0,0,1,1,0,1,0,0,0,0,0,0,0,1,0,0,0,1992
389,3.033333333333333,0,1,1,0,1,1,0,0,0,0,0,0,0,0,0,0,0,0,0,1996
390,3.246376811594203,0,0,0,0,1,0,0,0,0,0,1,0,0,1,0,0,1,0,0,1996
391,3.9342105263157894,1,0,0,0,0,0,0,0,0,0,0,0,0,0,1,0,0,1,1,1992
392,2.6136363636363638,0,0,0,0,1,0,0,1,1,0,0,0,0,0,1,0,0,0,0,1996
393,2.739130434782609,1,0,0,0,0,0,0,0,0,0,0,0,0,0,0,0,1,0,0,1997
394,4.043478260869565,0,0,0,0,1,0,0,0,0,0,0,0,0,0,0,0,0,0,0,1996
395,3.8137254901960786,0,0,0,0,0,1,0,1,0,0,0,0,0,0,0,0,0,0,0,1997
396,3.68,0,0,0,0,1,0,0,1,0,0,0,0,0,0,0,0,0,0,0,1997
397,3.3275862068965516,1,0,0,0,0,0,0,0,0,0,0,0,0,0,1,1,1,0,0,1997
398,3.0753424657534247,0,0,0,0,1,0,0,0,0,0,0,0,0,0,0,0,0,0,0,1997
399,2.0,1,1,0,0,0,0,0,0,0,0,0,0,0,0,0,0,1,0,0,1997
400,3.6724137931034484,0,0,0,0,1,1,0,0,0,0,0,0,0,0,1,0,0,0,0,1997
401,3.0714285714285716,0,0,0,0,1,0,0,0,0,0,0,0,0,0,0,0,0,0,0,1997
402,3.5707070707070705,1,1,0,0,1,0,0,0,0,0,0,0,0,0,0,0,0,0,0,1997
403,3.7782608695652176,1,1,0,0,1,0,0,0,0,0,0,0,0,0,0,1,0,0,0,1997
404,2.7954545454545454,1,1,0,0,0,0,0,0,0,0,0,0,0,0,0,1,1,0,0,1997
405,3.086206896551724,1,1,0,0,0,0,0,0,0,0,0,0,0,0,0,0,1,0,0,1997
406,2.268292682926829,1,1,0,0,0,0,0,0,1,0,0,0,0,0,0,0,1,0,0,1997
407,3.566666666666667,0,1,1,1,1,0,0,0,0,0,0,0,1,0,0,0,0,0,0,1997
408,3.58974358974359,0,0,0,0,1,0,0,0,0,0,0,0,0,0,1,0,0,0,0,1997
409,3.414473684210526,1,0,0,0,0,1,0,1,0,0,0,0,0,0,0,0,1,0,0,1997
410,3.5091463414634148,1,0,0,0,1,0,0,0,0,0,0,0,0,0,0,1,0,0,0,1997
411,3.697530864197531,0,0,0,0,0,0,0,1,0,0,0,0,0,0,0,1,0,0,0,1997
412,2.9285714285714284,1,0,0,0,0,0,0,1,0,0,0,0,0,0,0,0,0,0,0,1997
413,3.3666666666666667,1,1,0,0,0,0,0,0,1,0,0,0,0,0,0,0,0,0,0,1982
414,3.0625,0,0,0,0,0,0,0,0,0,0,1,0,0,0,0,1,1,0,0,1997
415,2.74,1,1,0,0,0,0,0,0,0,0,0,0,0,0,0,1,1,0,0,1997
416,3.011904761904762,0,0,0,0,0,0,0,1,0,0,0,0,0,1,1,0,1,0,0,1997
417,3.4035087719298245,1,0,0,0,0,0,0,0,0,0,0,0,0,0,0,0,1,0,0,1997
418,3.9157303370786516,1,1,0,0,0,0,0,0,0,0,0,0,0,0,0,0,1,0,0,1990
419,2.9,0,0,0,0,1,0,0,0,0,0,0,0,0,0,0,0,0,0,0,1997
420,4.104166666666667,0,0,0,0,0,1,0,0,0,1,0,0,0,1,0,0,1,0,0,1997
421,3.75,0,0,0,0,0,0,0,1,0,0,0,0,0,1,0,0,1,0,0,1997
422,3.6470588235294117,0,0,0,0,1,0,0,1,0,0,0,0,0,0,1,0,0,0,0,1997
423,3.827272727272727,0,0,0,0,1,0,0,1,0,0,0,0,0,0,0,0,0,0,0,1997
424,2.1774193548387095,0,0,0,0,0,0,0,0,0,0,1,0,0,1,0,0,1,0,0,1997
425,3.48,0,0,0,0,0,0,0,1,0,0,0,0,0,1,0,0,1,0,0,1997
426,4.0,0,0,0,0,0,0,0,1,0,0,0,0,0,0,0,1,1,0,0,1997
427,3.909090909090909,0,0,0,0,1,0,0,0,0,0,0,0,0,0,0,0,0,1,0,1981
428,4.184210526315789,0,0,0,0,0,0,0,1,0,0,0,0,0,0,0,0,0,0,0,1997
429,3.7435897435897436,0,0,0,0,0,0,0,1,0,0,0,0,0,0,1,0,1,0,0,1985
430,3.3734177215189876,1,0,0,0,0,0,0,0,0,0,0,0,0,0,0,1,0,0,0,1997
431,3.75,0,0,0,0,0,0,0,1,0,0,0,0,0,0,1,0,0,0,0,1998
432,3.842741935483871,0,0,0,0,1,0,0,1,0,0,0,0,0,0,0,1,0,0,0,1998
433,2.9886363636363638,1,0,0,0,0,0,0,0,0,0,1,0,0,0,0,1,0,0,0,1997
434,4.107142857142857,0,0,0,0,0,0,0,1,0,0,0,0,0,0,1,0,0,0,0,1997
435,3.239130434782609,0,0,0,0,0,1,0,1,0,0,0,0,0,1,0,0,0,0,0,1997
436,3.0166666666666666,0,0,0,0,1,0,0,0,0,0,1,0,0,1,0,0,1,0,0,1997
437,3.4388489208633093,0,0,0,0,0,0,0,1,0,0,0,0,0,0,1,0,0,0,0,1997
438,3.1363636363636362,1,1,0,0,0,0,0,0,0,0,0,0,0,0,0,0,1,0,0,1997
439,3.776595744680851,0,0,0,0,0,1,0,1,0,0,0,0,0,0,0,0,1,0,0,1997
440,3.961904761904762,0,0,0,0,1,1,0,0,0,0,0,0,0,0,0,0,0,0,0,1998
441,3.45,0,0,0,0,1,0,0,0,0,0,0,0,0,0,0,0,0,0,0,1997
442,3.904255319148936,0,1,0,0,0,0,0,0,0,1,0,0,0,0,0,1,1,0,0,1998
443,3.481818181818182,0,0,0,0,1,0,0,0,0,0,0,0,0,0,1,0,0,0,0,1998
444,2.8863636363636362,0,0,0,0,0,0,0,0,0,0,0,0,0,0,0,1,1,0,0,1998
445,3.736842105263158,0,0,0,0,1,0,0,1,0,0,0,0,0,0,1,0,0,0,0,1997
446,3.159090909090909,1,0,0,0,0,1,0,0,0,0,0,0,0,0,0,0,1,0,0,1998
447,3.6458333333333335,1,1,0,0,0,0,0,1,0,0,0,0,0,0,0,0,0,0,0,1998
448,3.1166666666666667,0,0,0,0,0,1,0,1,0,0,0,0,0,1,0,0,1,0,0,1998
449,2.5357142857142856,1,1,0,0,0,0,0,0,0,0,0,0,0,0,0,1,0,0,0,1998
450,3.142857142857143,0,0,0,0,0,0,0,1,0,0,0,0,0,0,0,1,1,0,0,1998
451,2.015625,1,0,0,0,0,0,0,0,0,0,0,0,0,0,0,1,1,0,0,1998
452,3.4130434782608696,0,0,0,0,1,0,0,1,0,0,0,0,0,0,1,0,0,0,0,1998
453,4.055555555555555,0,1,0,0,1,0,0,1,0,0,0,0,0,0,0,0,0,0,0,1998
454,3.647727272727273,0,1,1,1,1,0,0,1,0,0,0,0,1,0,1,0,0,0,0,1998
455,3.524390243902439,1,0,0,0,0,1,0,0,0,0,0,0,0,1,0,1,1,0,0,1998
456,2.693548387096774,0,0,0,0,1,0,0,0,0,0,0,0,0,0,0,0,0,0,0,1998
457,3.9838709677419355,0,0,0,0,1,1,0,1,0,0,0,0,0,0,1,0,1,0,0,1998
458,3.087912087912088,1,0,0,0,0,0,0,0,0,0,0,0,0,0,1,1,1,0,0,1998
459,2.9375,1,0,0,0,1,1,0,0,0,0,0,0,0,0,0,0,1,0,0,1998
460,3.9347826086956523,0,0,0,0,0,0,0,1,0,0,0,0,0,0,0,1,1,0,0,1998
461,3.7115384615384617,0,0,0,0,1,0,0,0,0,0,0,0,0,0,1,0,0,0,0,1998
462,4.369565217391305,0,0,0,0,0,1,0,1,0,0,0,0,0,0,0,0,0,0,0,1954
463,3.712121212121212,0,0,0,0,0,0,0,1,0,0,0,0,1,0,1,0,0,0,0,1961
464,4.142857142857143,0,0,0,0,0,0,0,1,0,0,0,0,0,0,0,0,0,0,0,1969
465,3.973684210526316,1,0,0,0,0,1,0,0,0,0,0,0,0,0,0,0,1,0,0,1971
466,3.888888888888889,0,0,0,0,0,0,0,1,0,0,0,0,0,0,0,0,0,0,0,1976
467,3.9761904761904763,0,0,0,0,1,0,0,1,0,0,0,0,0,0,0,0,0,0,0,1983
468,3.84,0,0,0,0,0,0,0,1,0,0,0,0,0,0,0,0,0,0,0,1987
469,3.8473684210526318,0,0,0,0,0,0,0,1,0,0,0,0,0,0,0,0,0,0,0,1988
470,3.909090909090909,0,0,0,0,0,0,0,1,0,0,0,0,0,0,0,0,0,0,0,1989
471,3.55,0,0,0,0,1,0,0,0,0,0,0,0,0,0,0,1,0,0,0,1984
472,3.9146341463414633,0,1,0,0,0,0,0,0,1,0,0,0,1,0,0,0,0,0,0,1986
473,3.8125,0,0,0,0,1,0,0,1,0,0,0,0,0,0,0,0,0,0,0,1985
474,3.8653846153846154,0,0,0,0,0,0,0,0,0,0,1,0,0,0,0,0,0,0,0,1978
475,3.5,0,0,0,0,0,0,0,0,0,0,1,0,0,0,0,0,1,0,0,1982
476,3.875,0,0,0,0,0,0,0,0,0,0,1,0,0,1,0,0,0,0,0,1973
477,3.722972972972973,1,0,0,0,1,1,0,1,0,0,0,0,0,0,0,0,0,0,0,1987
478,3.25,1,0,0,0,1,1,0,1,0,0,0,0,0,0,0,0,0,0,0,1989
479,3.0,1,0,0,0,1,1,0,1,0,0,0,0,0,0,0,0,0,0,0,1992
480,3.4625,0,0,0,0,1,0,0,0,0,0,1,0,0,0,0,0,0,0,0,1984
481,3.6339285714285716,1,1,0,1,1,0,0,0,1,0,0,0,0,0,0,0,0,0,0,1985
482,3.152542372881356,1,0,0,0,1,0,0,0,0,0,0,0,0,0,1,0,0,0,0,1998
483,4.05,0,0,0,0,0,0,0,1,0,0,0,0,0,0,0,1,0,0,0,1927
484,3.546511627906977,0,1,0,0,1,0,0,0,0,0,0,0,0,0,0,1,0,0,0,1989
485,3.4080459770114944,0,1,0,0,1,0,0,0,0,0,0,0,0,0,0,1,0,0,1,1990
486,3.25,1,1,0,0,0,0,0,1,0,0,0,0,0,0,0,0,0,0,0,1972
487,3.4594594594594597,0,0,1,1,0,0,0,1,0,0,0,0,0,0,0,0,0,0,0,1942
488,4.276595744680851,1,1,0,0,0,0,0,1,0,0,0,0,0,0,0,0,0,0,0,1954
489,4.166666666666667,0,0,0,0,0,0,0,1,0,0,0,0,0,0,1,0,0,0,0,1988
490,3.5277777777777777,0,1,0,0,0,0,0,0,0,0,0,0,0,0,0,1,0,0,0,1984
491,3.4318181818181817,0,0,0,0,0,1,0,1,0,0,0,0,0,1,0,0,1,0,0,1990
492,4.168449197860962,1,0,0,0,0,0,0,1,0,0,0,0,0,0,0,0,0,1,0,1998
493,3.347826086956522,0,1,0,1,0,0,0,0,0,0,0,0,0,0,0,1,0,0,0,1986
494,2.8863636363636362,0,0,0,1,1,0,0,0,1,0,1,0,0,0,0,0,0,0,0,1993
495,2.798507462686567,0,1,0,1,1,0,0,0,1,0,0,0,0,0,0,1,0,0,0,1989
496,3.4655172413793105,1,0,0,0,0,1,0,1,0,0,0,0,0,1,0,0,1,0,0,1998
497,3.966666666666667,0,0,0,0,0,0,1,0,0,0,0,0,0,0,0,0,0,0,0,1989
498,4.35,0,0,0,0,0,0,0,1,0,0,0,0,0,0,1,0,0,1,0,1965
499,4.033333333333333,0,0,0,0,0,0,0,1,0,0,0,0,0,1,0,0,1,0,0,1986
500,3.9038461538461537,0,0,1,1,1,0,0,0,0,0,0,0,1,0,0,0,0,0,0,1967
501,3.462962962962963,0,0,1,1,1,0,0,0,0,0,0,0,0,0,1,0,0,0,0,1955
502,3.477272727272727,0,0,1,1,1,0,0,0,0,0,0,0,1,0,1,0,0,0,0,1989
503,2.76,0,0,0,1,1,0,0,0,0,0,0,0,0,0,0,0,0,0,0,1992
504,3.511627906976744,0,1,1,1,0,0,0,0,0,0,0,0,0,0,0,0,0,0,0,1961
505,3.6625,0,0,1,1,0,0,0,0,1,0,0,0,1,0,0,0,0,0,0,1953
506,3.3421052631578947,1,1,0,0,0,0,0,0,0,0,0,0,0,0,0,1,0,0,0,1991
507,3.5714285714285716,0,0,1,1,0,0,0,0,0,0,0,0,1,0,0,0,0,0,0,1959
508,3.18,0,0,0,0,1,0,0,0,1,0,0,0,0,0,1,0,0,0,0,1984
509,3.4081632653061225,1,1,0,0,0,0,0,0,0,0,0,0,0,0,0,1,0,0,0,1982
510,3.630434782608696,0,0,0,0,1,0,0,0,0,0,0,0,0,0,1,0,0,0,0,1991
511,3.5,0,0,0,0,1,0,0,0,0,0,0,0,0,0,0,0,0,0,0,1979
512,3.6728971962616823,1,1,0,0,0,0,0,0,1,0,0,0,0,0,0,0,0,0,0,1984
513,3.3783783783783785,0,0,0,1,1,0,0,0,1,0,0,0,0,0,0,0,0,0,0,1991
514,3.8,0,0,0,0,1,0,0,1,0,0,0,0,0,0,1,0,0,0,0,1998
515,3.261904761904762,0,0,0,0,1,0,0,0,1,0,0,0,0,0,0,1,0,0,0,1985
516,3.725,0,0,1,1,0,0,0,0,0,0,0,0,0,0,0,0,0,0,0,1973
517,3.65,0,1,1,1,0,0,0,1,0,0,0,0,0,0,0,0,0,0,0,1982
518,3.6515151515151514,0,1,0,0,0,0,0,0,1,0,0,0,0,0,0,0,0,0,0,1982
519,3.6770833333333335,0,0,0,0,1,0,0,0,0,0,0,0,0,0,1,0,0,0,0,1984
520,3.34375,0,0,0,0,1,0,0,1,0,0,0,0,0,0,1,0,0,0,0,1986
521,4.037037037037037,0,1,0,0,1,0,0,0,0,0,0,0,0,0,0,0,0,0,0,1980
522,4.306451612903226,0,0,0,0,0,0,0,1,0,0,1,0,0,0,0,0,1,0,0,1968
523,3.6666666666666665,0,1,0,1,0,0,0,0,1,0,0,0,0,0,0,0,0,0,0,1984
524,3.4210526315789473,1,0,0,0,0,0,0,0,0,0,1,0,0,0,0,0,1,0,0,1998
525,3.511111111111111,0,0,0,0,1,0,0,0,1,0,0,0,0,0,0,0,0,0,0,1988
526,4.145833333333333,0,0,0,0,0,1,0,1,0,1,0,0,0,0,0,0,1,0,0,1951
527,3.423076923076923,1,1,0,0,0,0,0,0,1,0,0,0,0,0,0,0,0,0,0,1988
528,4.0,1,0,0,0,0,1,0,1,0,0,0,0,0,0,0,0,0,0,0,1987
529,3.9714285714285715,0,0,0,0,0,0,0,1,0,0,0,0,0,0,0,0,0,0,0,1998
530,3.5576923076923075,0,0,0,0,0,0,0,0,0,0,1,0,0,1,0,1,1,0,0,1997
531,3.5555555555555554,0,0,0,0,1,0,0,1,0,0,0,0,0,0,1,0,0,0,0,1987
532,3.357142857142857,0,0,0,0,1,0,0,1,0,0,0,0,0,0,1,0,0,0,0,1988
533,4.026315789473684,0,0,0,0,1,0,0,1,0,0,0,0,0,0,1,0,0,0,0,1989
534,3.857142857142857,0,0,0,0,0,1,0,1,0,0,0,0,0,0,0,0,1,0,0,1992
535,3.341463414634146,1,0,0,0,1,1,0,0,0,0,0,0,0,0,0,0,1,0,0,1998
536,3.607142857142857,1,0,0,0,0,1,0,0,0,0,0,0,0,0,0,0,1,0,0,1998
537,4.0227272727272725,1,0,0,0,0,0,0,0,0,0,1,0,0,0,0,1,1,0,0,1982
538,4.054054054054054,0,0,0,0,1,1,0,1,0,0,0,0,0,0,0,0,0,0,0,1992
539,3.7468354430379747,0,0,0,0,0,0,0,1,1,0,0,0,0,0,1,0,0,0,0,1990
540,3.3181818181818183,0,1,1,1,1,0,0,0,1,0,0,0,0,0,0,0,0,0,0,1998
541,4.09375,0,0,0,0,1,0,0,0,0,0,0,0,0,0,0,0,0,0,0,1968
542,3.3189655172413794,0,0,0,0,1,0,0,0,0,0,0,0,0,0,0,0,0,0,0,1992
543,3.5416666666666665,0,0,0,0,1,0,0,1,1,0,0,0,0,0,0,0,0,0,0,1998
544,4.195402298850575,0,0,0,0,1,0,0,1,0,0,0,0,0,0,1,0,0,1,0,1997
545,4.25,0,0,0,0,0,1,0,1,0,0,0,0,0,0,0,0,0,0,0,1998
546,3.2962962962962963,0,0,0,0,1,0,0,0,0,0,0,0,0,0,0,0,0,0,0,1998
547,3.840909090909091,0,0,0,0,0,0,0,1,0,0,0,0,0,0,0,0,0,0,0,1998
548,4.0,0,0,0,0,1,0,0,1,0,0,0,0,0,0,0,0,0,0,0,1983
549,3.5454545454545454,1,0,0,0,0,0,0,0,0,0,0,0,0,0,0,0,1,0,0,1998
550,3.5549450549450547,0,1,1,1,1,0,0,0,0,0,0,0,0,0,0,0,0,0,0,1998
551,3.82,0,0,0,0,1,0,0,0,0,0,0,0,0,0,0,0,0,0,0,1998
552,3.7916666666666665,1,1,0,0,0,0,0,0,1,0,1,0,0,0,0,0,0,0,0,1933
553,2.782608695652174,0,0,0,0,1,0,0,1,0,0,0,0,0,0,1,0,0,0,0,1985
554,3.217391304347826,0,0,0,0,1,1,0,0,0,0,0,0,0,1,0,0,0,0,0,1985
555,3.075,0,0,0,0,1,0,0,0,0,0,0,0,0,0,0,0,0,0,0,1986
556,3.375,1,1,0,0,0,0,0,0,0,0,0,0,0,0,0,0,1,0,0,1985
557,3.1666666666666665,0,0,0,0,1,1,0,0,0,0,0,0,0,0,0,0,0,0,0,1984
558,2.875,0,1,0,1,0,0,0,1,0,0,0,0,0,0,0,0,0,0,0,1998
559,3.9761904761904763,0,0,0,0,0,1,0,1,0,0,0,0,0,0,0,0,1,0,0,1998
560,3.25,1,0,0,0,0,0,0,1,0,0,0,0,0,0,1,1,0,0,0,1998
561,3.6458333333333335,0,0,1,0,0,0,0,0,0,0,0,0,1,0,0,0,0,0,0,1998
562,3.609090909090909,0,0,0,0,1,0,0,1,0,0,0,0,0,0,0,0,0,0,0,1998
563,3.818681318681319,0,0,0,0,1,0,0,1,0,0,0,0,0,0,1,0,0,0,0,1998
564,3.6724137931034484,1,1,0,0,0,0,0,1,0,0,0,0,0,0,0,0,1,0,0,1982
565,2.95,1,1,0,0,1,0,0,0,0,0,0,0,0,0,1,0,0,0,0,1985
566,3.518867924528302,1,1,0,0,1,0,0,0,0,0,0,0,0,0,1,0,0,0,0,1984
567,3.3452380952380953,0,0,0,0,1,0,0,0,0,0,0,0,0,0,0,1,0,0,0,1985
568,3.32,1,0,0,0,0,0,0,1,0,0,0,0,0,0,0,0,0,0,0,1979
569,2.847826086956522,1,0,0,0,0,0,0,1,0,0,0,0,0,0,0,0,0,0,0,1982
570,2.8035714285714284,1,0,0,0,0,0,0,1,0,0,0,0,0,0,0,0,0,0,0,1985
571,3.6621621621621623,0,0,0,0,0,0,0,1,0,0,0,0,0,0,0,0,0,0,0,1984
572,2.875,1,1,0,0,0,0,0,1,0,0,0,0,0,0,0,0,0,0,0,1986
573,3.689655172413793,0,0,0,0,1,0,0,0,0,0,0,0,0,0,0,0,0,0,0,1989
574,3.183673469387755,0,0,0,0,1,0,0,0,0,0,0,0,0,0,1,0,0,0,0,1998
575,3.3970588235294117,1,0,0,0,0,0,0,1,0,0,0,0,0,0,0,0,0,1,0,1998
576,2.590909090909091,0,0,0,0,0,0,0,0,0,0,1,0,0,0,0,1,0,0,0,1998
577,3.5,0,0,0,0,1,0,0,1,0,0,0,0,0,0,0,0,0,0,0,1998
578,3.4642857142857144,0,0,0,0,0,0,0,1,0,0,1,0,0,0,0,1,1,0,0,1986
579,3.232142857142857,0,1,0,0,1,0,0,0,0,0,0,0,0,0,0,0,0,0,0,1986
580,2.5869565217391304,1,1,0,0,1,0,0,0,0,0,0,0,0,0,0,0,0,0,0,1988
581,3.26,0,0,0,0,1,0,0,0,0,0,0,0,0,0,0,0,0,0,1,1986
582,2.9464285714285716,0,0,0,0,1,0,0,0,0,0,0,0,0,0,1,0,0,0,0,1999
583,3.5,1,0,0,0,0,0,0,0,0,0,0,0,0,0,0,0,1,0,0,1999
584,3.25,0,0,0,0,1,0,0,0,0,0,0,0,0,0,1,0,0,0,0,1999
585,3.8793103448275863,0,0,0,0,0,0,0,1,0,0,0,0,0,0,0,0,0,0,0,1999
586,4.134408602150538,0,0,0,0,1,1,0,0,0,0,0,0,0,0,0,0,0,0,0,1999
587,3.369565217391304,1,1,0,0,0,0,0,0,0,0,0,0,0,0,0,1,0,0,0,1976
588,3.8727272727272726,1,0,0,0,0,0,0,1,0,0,0,0,0,0,0,1,0,0,0,1968
589,3.1630434782608696,0,0,0,0,1,0,0,0,0,0,0,0,0,0,0,0,0,0,0,1999
590,3.3076923076923075,0,0,0,0,0,0,0,1,0,0,0,0,0,0,0,0,0,0,0,1999
591,4.113636363636363,0,0,0,0,1,1,0,0,0,0,0,0,0,0,0,0,1,0,0,1998
592,4.207581227436823,1,0,0,0,0,0,0,0,0,0,0,0,0,0,0,1,1,0,0,1999
593,3.5943396226415096,0,0,0,0,1,0,0,0,0,0,0,0,0,0,1,0,0,0,0,1999
594,4.065789473684211,0,0,0,0,1,1,0,0,0,0,0,0,0,0,0,0,0,0,0,1999
595,3.0428571428571427,0,0,0,0,1,0,0,0,0,0,0,0,0,0,1,0,0,0,0,1999
596,2.9583333333333335,0,0,0,0,1,0,0,0,0,0,0,0,0,0,0,0,0,0,0,1999
597,3.727272727272727,0,0,0,0,1,0,0,0,0,0,0,0,0,0,0,0,0,0,0,1999
598,4.0476190476190474,1,0,0,0,0,0,0,0,0,0,0,0,0,0,0,1,1,0,0,1999
599,3.0595238095238093,0,0,0,0,0,1,0,0,0,0,0,0,0,0,0,0,1,0,0,1999
600,3.0,1,0,0,0,0,1,0,0,0,0,0,0,0,0,0,0,0,0,0,1990
601,3.1569767441860463,1,1,0,0,1,0,0,0,1,0,1,0,0,0,0,0,1,0,0,1999
602,3.129496402877698,1,1,0,0,0,0,0,0,0,0,0,0,0,0,0,1,0,0,0,1999
603,3.6666666666666665,1,1,0,0,0,0,0,0,0,0,0,0,0,0,0,1,0,0,0,1978
604,3.0833333333333335,1,0,0,0,0,0,0,0,0,0,0,0,0,0,0,1,0,0,0,1980
605,2.357142857142857,1,1,0,0,0,0,0,0,0,0,0,0,0,0,0,1,0,0,0,1983
606,3.3951612903225805,0,0,0,0,1,0,0,0,0,0,1,0,1,0,0,1,0,0,0,1975
607,3.518181818181818,0,0,0,0,1,0,0,0,0,0,0,0,0,0,1,0,0,0,0,1999
608,3.225,1,1,0,0,1,0,0,0,0,0,0,0,0,0,0,0,0,0,0,1999
609,3.608695652173913,0,1,1,1,0,0,0,1,0,0,0,0,0,0,0,0,0,0,0,1999
610,4.054054054054054,1,0,0,0,0,1,0,0,0,0,0,0,0,0,0,0,0,0,0,1998
611,3.265957446808511,0,0,0,0,1,0,0,0,0,0,0,0,0,0,0,0,0,0,0,1999
612,2.8653846153846154,0,0,0,0,1,0,0,0,0,0,1,0,0,0,0,0,0,0,0,1990
613,3.9133333333333336,0,0,1,0,1,0,0,0,0,0,0,0,1,0,0,0,0,0,0,1999
614,2.25,1,0,0,0,1,0,0,0,0,0,0,0,0,0,0,1,0,0,1,1999
615,3.411764705882353,0,0,0,0,1,0,0,0,0,0,0,0,0,0,1,0,0,0,0,1999
616,3.4285714285714284,0,0,0,0,0,0,0,0,0,0,0,0,0,0,0,0,1,0,0,1999
617,2.8412698412698414,0,0,0,0,0,0,0,1,0,0,1,0,0,0,0,0,1,0,0,1999
618,3.5288461538461537,0,0,0,0,0,0,0,1,0,0,0,0,0,1,0,0,1,0,0,1999
619,3.80672268907563,1,0,0,0,1,0,0,0,0,0,0,0,0,0,0,1,0,0,0,1984
620,3.0652173913043477,0,0,0,0,1,0,0,0,1,0,0,0,0,0,0,1,0,0,0,1989
621,2.2,1,1,0,1,1,0,0,0,0,0,0,0,0,0,0,0,0,0,0,1999
622,2.875,1,0,0,0,0,0,0,0,0,0,1,0,0,0,0,1,1,0,0,1999
623,3.1710526315789473,1,0,0,0,1,0,0,0,1,0,0,0,0,0,0,0,0,0,0,1999
624,2.902439024390244,0,0,0,0,1,0,0,0,0,0,0,0,0,0,1,0,0,0,0,1999
625,3.4210526315789473,0,0,0,0,1,0,0,0,0,0,1,0,1,0,0,0,0,0,0,1986
626,4.157894736842105,0,1,1,1,0,0,0,1,0,0,0,0,0,0,0,1,0,0,0,1999
627,3.9157303370786516,0,0,0,0,0,0,0,1,0,0,1,0,0,1,0,0,0,0,0,1999
628,3.723404255319149,1,0,0,0,0,0,0,0,0,0,0,0,0,1,0,0,0,0,0,1999
629,3.0405405405405403,0,0,0,0,1,0,0,0,0,0,0,0,0,0,0,0,0,0,0,1999
630,4.203703703703703,0,0,0,0,1,0,0,0,0,0,0,0,0,0,0,0,0,0,0,1971
631,3.9011627906976742,0,0,0,0,1,0,0,0,0,0,0,0,0,0,0,0,0,0,0,1980
632,3.8,0,0,0,0,1,0,0,0,0,0,0,0,0,0,0,0,0,0,0,1983
633,3.761111111111111,0,0,0,0,1,0,0,1,1,0,0,0,0,0,1,0,0,0,0,1988
634,4.046296296296297,0,0,0,1,1,0,0,0,0,0,0,0,0,0,0,0,0,0,0,1983
635,3.1363636363636362,0,0,0,0,1,0,0,0,0,0,0,0,0,0,1,0,0,0,0,1999
636,3.02,1,1,0,0,0,0,0,0,1,0,0,0,0,0,0,0,0,0,0,1999
637,3.0,0,0,0,0,0,0,0,1,0,0,0,0,0,0,0,0,1,0,0,1999
638,4.0763546798029555,0,0,0,0,0,0,0,1,0,0,0,0,0,0,1,0,0,0,0,1999
639,4.0344827586206895,0,1,0,0,0,0,0,1,0,0,0,0,0,0,0,0,1,0,0,1972
640,3.7916666666666665,0,1,0,0,0,0,0,0,1,0,0,0,0,0,0,0,0,0,0,1981
641,3.7954545454545454,1,1,0,0,1,0,0,1,0,0,0,0,0,0,0,0,0,1,0,1999
642,3.6447368421052633,0,0,0,0,0,0,0,1,0,0,0,0,0,0,0,0,0,0,0,1999
643,3.524390243902439,0,0,0,0,1,0,0,0,0,0,0,0,0,0,0,0,0,0,0,1983
644,3.6954022988505746,1,1,0,0,0,0,0,0,0,0,0,0,0,0,0,1,1,0,0,1990
645,3.875,0,0,0,0,1,0,0,0,0,0,0,0,0,0,0,0,0,0,0,1986
646,4.096774193548387,1,0,0,0,0,0,0,1,0,0,0,0,0,0,0,0,0,1,0,1967
647,3.9134615384615383,1,1,0,0,0,0,0,0,0,0,0,0,0,0,0,0,1,0,0,1964
648,3.857142857142857,1,1,0,0,0,0,0,0,0,0,0,0,0,0,0,0,1,0,0,1963
649,3.828125,1,1,0,0,0,0,0,0,0,0,0,0,0,0,0,0,1,0,0,1962
650,4.0394736842105265,1,0,0,0,0,0,0,0,0,0,0,0,0,0,0,0,0,0,1,1964
651,2.6,0,0,0,1,1,0,0,0,0,0,0,0,0,0,0,0,0,0,0,1992
652,4.292626728110599,1,0,0,0,0,1,0,1,0,0,0,0,0,0,0,0,1,0,0,1999
653,3.825,0,1,0,0,1,0,0,0,1,0,0,0,0,0,0,1,0,0,0,1981
654,3.420289855072464,1,0,0,0,0,1,0,1,0,0,0,0,0,0,0,1,1,0,0,1987
655,2.75,1,0,0,0,0,1,0,0,0,0,0,0,0,0,0,1,1,0,0,1990
656,3.609375,0,1,1,1,1,1,0,0,1,0,0,0,0,1,0,0,0,0,0,1988
657,3.725,1,1,0,0,0,0,0,0,0,0,0,0,0,0,0,0,1,0,0,1981
658,3.8636363636363638,1,1,0,0,0,0,0,0,0,0,0,0,0,0,0,0,1,0,0,1973
659,3.630434782608696,1,1,0,0,0,0,0,0,0,0,0,0,0,0,0,0,1,0,0,1965
660,3.9948979591836733,0,0,0,0,1,0,0,1,1,0,0,0,0,0,0,0,0,0,0,1999
661,4.042553191489362,1,1,1,0,0,0,0,1,1,0,0,0,0,0,0,0,0,0,0,1997
662,2.9583333333333335,0,0,0,0,0,0,0,0,0,0,0,0,0,0,0,0,1,0,0,1999
663,3.8666666666666667,0,0,0,0,0,0,0,1,0,0,0,0,0,0,0,0,1,0,0,1999
664,3.543103448275862,0,0,0,0,1,0,0,0,0,0,0,0,0,0,0,1,0,0,0,1987
665,3.6142857142857143,0,1,1,1,1,0,0,0,0,0,0,0,1,0,0,0,0,0,0,1973
666,4.326086956521739,0,0,0,0,0,0,0,0,0,0,0,0,0,0,0,0,0,0,1,1970
667,3.8289473684210527,0,0,0,0,1,0,0,0,0,0,0,0,0,0,0,0,0,0,0,1983
668,3.6923076923076925,0,1,0,0,1,0,0,0,1,0,0,0,0,0,0,0,0,0,0,1999
669,3.725,0,1,0,0,1,0,0,0,0,0,0,0,0,0,0,1,0,0,0,1984
670,3.6923076923076925,0,0,0,0,1,0,0,0,0,0,0,0,0,0,1,0,0,0,0,1987
671,3.5327868852459017,0,0,0,0,0,0,0,0,1,0,1,0,0,1,1,0,0,0,0,1999
672,3.4210526315789473,1,1,0,0,0,0,0,0,0,0,0,0,0,0,0,0,1,0,0,1999
673,3.3043478260869565,0,0,0,0,1,0,0,0,1,0,0,0,0,0,1,0,0,0,0,1988
674,3.8043478260869565,0,0,0,0,0,0,0,1,0,0,0,0,0,0,0,0,0,0,0,1984
675,4.119047619047619,0,0,0,0,0,0,0,1,0,0,0,0,0,0,0,0,0,0,0,1992
676,3.1857142857142855,0,0,0,0,0,0,0,1,0,0,0,0,0,0,0,0,1,0,0,1987
677,3.8095238095238093,1,0,0,0,1,1,0,0,0,0,0,0,0,0,0,0,1,0,0,1988
678,3.857142857142857,0,0,0,0,0,0,0,1,0,0,0,0,0,1,0,0,0,0,0,1990
679,3.4545454545454546,1,0,0,0,0,0,0,1,0,0,0,0,0,0,0,0,0,0,0,1991
680,3.914285714285714,0,0,0,0,1,0,0,1,1,0,0,0,0,0,1,0,0,0,0,1991
681,3.9010416666666665,0,1,1,1,1,0,0,0,1,0,0,0,0,0,0,0,0,0,0,1999
682,4.1863636363636365,0,0,0,0,0,1,0,1,0,0,0,0,0,0,0,0,0,0,0,1999
683,3.9,0,0,0,0,0,0,0,1,0,0,0,0,0,0,0,0,0,0,0,1999
684,3.784313725490196,0,0,0,0,0,0,0,1,0,0,0,0,0,0,0,0,0,0,0,1999
685,3.732142857142857,0,1,0,0,0,0,0,1,0,0,0,0,0,0,0,0,0,0,0,1969
686,3.5789473684210527,0,0,0,0,1,0,0,1,0,0,0,0,0,0,0,0,0,0,0,1999
687,3.6283783783783785,0,1,0,0,1,0,0,0,0,0,0,0,0,0,0,1,0,0,0,1999
688,3.40625,0,0,0,0,0,0,0,1,0,0,0,0,0,1,0,0,1,0,0,1999
689,3.5925925925925926,0,0,0,0,0,0,0,1,0,0,0,0,0,0,0,0,0,0,0,1999
690,3.5609756097560976,0,0,0,0,1,0,0,1,0,0,0,0,0,0,1,0,0,0,0,1982
691,3.1142857142857143,0,0,0,0,1,1,0,0,0,0,0,0,0,0,0,0,0,0,0,1992
692,3.730769230769231,0,0,0,0,0,0,0,1,0,0,0,0,0,0,0,0,0,0,0,1992
693,3.533333333333333,0,0,0,0,1,0,0,0,0,0,0,0,0,0,0,0,0,0,0,1992
694,3.423076923076923,0,0,0,0,1,0,0,0,0,0,0,0,0,0,0,0,0,0,0,1993
695,3.5454545454545454,0,0,0,0,1,0,0,1,0,0,0,0,0,0,0,0,0,0,0,1992
696,3.6333333333333333,1,0,0,0,0,1,0,1,0,0,0,0,0,0,0,0,1,0,0,1992
697,2.9516129032258065,0,0,0,0,0,0,0,1,0,0,0,0,0,0,1,0,1,0,0,1992
698,3.1904761904761907,0,0,0,0,1,0,0,1,0,0,0,0,0,0,0,0,0,0,0,1992
699,2.52,1,0,0,0,1,0,0,0,0,0,1,0,0,0,0,0,0,0,0,1992
700,2.9615384615384617,0,0,0,0,0,0,0,1,0,0,0,0,0,0,1,1,0,0,0,1992
701,2.767857142857143,0,0,0,0,1,0,0,0,0,0,1,0,0,1,0,0,1,0,0,2000
702,4.321428571428571,1,0,0,0,0,1,0,1,0,0,0,0,0,0,0,0,1,0,0,2000
703,3.161290322580645,0,1,0,0,0,0,0,1,0,0,0,0,0,0,0,0,0,0,0,2000
704,3.9,0,0,0,0,0,1,0,1,0,0,0,0,0,0,0,0,1,0,0,2000
705,3.6578947368421053,0,0,0,0,0,0,0,0,0,0,1,0,0,0,0,1,1,0,0,2000
706,3.6097560975609757,0,0,0,0,1,1,0,0,0,0,0,0,0,0,0,0,0,0,0,2000
707,3.8333333333333335,0,0,0,0,1,0,0,1,0,0,0,0,0,0,0,0,0,0,0,2000
708,2.825,0,0,0,0,0,0,0,0,0,0,0,0,0,0,0,1,0,0,0,2000
709,3.880952380952381,0,0,0,0,0,0,0,1,0,0,0,0,0,0,1,0,0,0,0,1986
710,3.7794117647058822,0,0,0,0,1,0,0,1,0,0,0,0,0,0,1,0,0,0,0,1988
711,4.04054054054054,0,0,0,0,0,1,0,1,0,0,0,0,0,0,0,0,0,0,0,1975
712,3.9404761904761907,0,0,0,0,1,0,0,1,0,0,0,0,0,0,0,0,0,0,0,1973
713,3.6166666666666667,0,0,0,0,0,0,0,1,0,0,0,0,0,1,0,0,1,0,0,1991
714,3.703125,0,1,0,1,1,0,0,0,0,0,0,0,1,0,0,0,0,0,0,1979
715,3.579710144927536,0,0,0,0,0,0,0,1,0,0,0,0,0,0,0,0,0,0,0,2000
716,3.014705882352941,0,0,0,0,0,0,0,1,0,0,0,0,0,0,0,0,1,0,0,2000
717,3.55,0,1,0,0,0,1,0,1,0,0,0,0,0,0,0,0,0,0,0,1991
718,3.7540983606557377,0,0,0,0,1,0,0,0,0,0,0,0,0,0,0,0,0,0,0,1978
719,4.1923076923076925,0,0,0,0,0,0,0,1,0,0,0,0,0,0,0,0,0,0,0,1989
720,3.125,1,0,0,1,1,0,0,0,1,0,0,0,0,0,0,1,0,0,0,1990
721,3.892857142857143,0,0,0,0,1,0,0,1,0,0,0,0,0,0,0,0,0,1,0,1987
722,3.4107142857142856,0,0,0,0,1,0,0,0,0,0,0,0,0,0,0,0,0,0,0,1993
723,3.875,0,0,0,0,1,0,0,1,0,0,0,0,0,0,1,0,0,0,0,1936
724,3.805084745762712,0,1,0,0,0,0,0,1,0,0,0,0,0,0,0,1,0,0,0,1977
725,3.7,0,0,0,0,0,0,0,0,0,0,1,0,0,1,0,0,0,0,0,1990
726,3.7162162162162162,0,0,0,0,1,0,0,1,0,0,0,0,0,0,1,0,0,0,0,2000
727,3.423076923076923,0,1,0,0,1,0,0,0,1,0,0,0,0,0,0,0,0,0,0,1991
728,3.9302325581395348,0,0,0,0,0,0,0,1,0,0,1,0,0,0,0,0,1,0,0,1990
729,4.214285714285714,0,0,0,0,1,0,0,1,0,0,0,0,0,0,0,0,0,0,0,1976
730,3.5142857142857142,0,0,0,0,0,0,0,1,0,0,0,0,0,0,0,0,1,0,0,2000
731,3.6416666666666666,1,0,0,0,0,0,0,0,0,0,0,0,0,0,0,1,1,0,0,1987
732,3.4375,0,0,0,0,0,0,0,1,0,0,0,0,0,0,0,0,0,0,0,2000
733,3.853448275862069,0,0,0,0,0,1,0,0,0,0,1,0,0,1,0,0,1,0,0,2000
734,3.625,0,0,0,0,1,0,0,1,0,0,0,0,0,0,1,0,0,0,0,2000
735,3.9019607843137254,0,0,0,0,1,0,0,0,0,0,0,0,0,0,0,0,0,0,0,1980
736,3.53125,1,0,0,0,0,0,0,0,0,0,0,0,0,0,0,0,1,1,0,2000
737,3.92,0,0,0,0,0,0,0,1,0,0,0,0,0,0,1,0,0,0,0,1999
738,3.9615384615384617,1,1,0,0,0,0,0,1,0,0,0,0,0,0,0,0,0,0,0,2000
739,3.0625,0,1,0,0,1,0,0,0,0,0,0,0,0,0,0,0,0,0,0,1985
740,3.1625,0,0,0,0,1,0,0,0,0,0,0,0,0,0,0,0,0,0,0,2000
741,2.75,1,1,0,0,0,0,0,0,0,0,0,0,0,0,0,0,1,0,0,2000
742,3.2261904761904763,1,1,0,0,1,0,0,0,0,0,0,0,0,0,0,0,0,0,1,2000
743,3.26,1,1,0,0,0,0,0,0,0,0,0,0,0,0,0,1,1,0,0,1979
744,4.0,0,0,0,0,1,0,0,0,0,0,0,0,0,0,0,0,0,0,1,1974
745,4.28125,1,0,0,0,0,0,0,1,0,0,0,0,0,0,0,0,1,0,1,1965
746,3.05,1,0,0,0,0,0,0,0,0,0,0,0,0,0,0,1,1,0,0,1990
747,3.3181818181818183,1,0,0,0,0,0,0,0,0,0,0,0,0,0,0,1,0,0,0,1987
748,3.581081081081081,1,1,0,0,0,0,0,0,0,0,0,0,0,0,0,1,0,0,0,1979
749,4.141025641025641,1,1,0,0,0,0,0,0,0,0,0,0,0,0,0,1,1,0,0,1981
750,3.4130434782608696,1,1,0,0,0,0,0,0,0,0,0,0,0,0,0,1,0,0,0,1985
751,3.275,1,0,0,0,0,1,0,0,0,0,0,0,0,0,0,0,0,0,0,2000
752,4.0,1,1,0,0,1,0,0,0,1,0,0,0,0,0,0,0,0,0,0,1986
753,3.5357142857142856,1,1,1,1,0,0,0,0,0,0,0,0,0,0,0,1,0,0,0,2000
754,3.5974025974025974,0,0,1,1,1,0,0,0,0,0,0,0,0,0,0,0,0,0,0,2000
755,3.1555555555555554,0,1,0,0,1,0,0,0,0,0,0,0,0,0,0,0,0,0,0,2000
756,3.5,1,0,0,0,0,0,0,1,0,0,0,0,0,0,0,0,0,1,0,2000
757,3.244186046511628,0,0,0,0,0,0,0,1,0,0,0,0,0,0,0,0,1,0,0,2000
758,2.979591836734694,0,0,0,0,1,0,0,0,0,0,1,0,0,0,0,0,0,0,0,2000
759,3.727272727272727,1,1,0,0,0,0,0,0,0,0,0,0,0,0,0,1,0,0,0,2000
760,3.3333333333333335,0,0,0,0,0,0,0,1,0,0,1,0,0,1,0,0,0,0,0,2000
761,3.3676470588235294,0,0,0,0,1,0,0,0,0,0,0,0,0,0,0,0,0,0,0,1991
762,2.8392857142857144,0,0,0,0,1,0,0,1,0,0,0,0,0,0,1,0,0,0,0,2000
763,2.3552631578947367,0,0,0,0,0,0,0,0,0,0,1,0,0,0,0,1,1,0,0,2000
764,3.022727272727273,1,1,0,0,1,0,0,0,0,0,0,0,0,0,0,1,0,0,0,2000
765,3.1136363636363638,0,0,0,0,0,0,0,1,0,0,1,0,0,0,0,0,1,0,0,2000
766,3.4878048780487805,1,0,0,0,1,1,0,0,0,0,0,0,0,0,1,0,0,0,0,1988
767,3.56,0,0,0,0,1,0,0,0,0,0,0,0,0,0,0,0,0,0,0,1991
768,2.772727272727273,0,0,0,0,1,0,0,0,0,0,0,0,0,0,0,0,0,0,0,2000
769,3.9146341463414633,0,0,0,0,0,0,0,1,0,0,0,0,0,0,0,0,0,0,0,2000
770,3.7596153846153846,0,0,0,0,1,0,0,0,0,0,0,0,0,0,0,0,0,0,0,2000
771,3.8375,0,0,0,0,0,0,0,1,0,0,0,0,0,0,0,0,0,0,0,2000
772,3.4555555555555557,0,0,0,0,1,0,0,0,0,0,0,0,0,0,0,0,0,0,0,2000
773,3.963157894736842,0,0,0,0,0,0,0,1,0,0,0,0,0,0,0,0,0,0,0,2000
774,3.9583333333333335,0,0,0,0,0,0,0,1,0,0,0,0,0,0,0,0,0,0,0,2000
775,3.1923076923076925,0,0,0,0,1,0,0,0,0,0,0,0,0,0,0,0,0,0,0,2000
776,3.58,0,0,0,0,0,0,0,1,0,0,0,0,0,0,0,0,0,0,0,2000
777,2.76056338028169,1,0,0,0,1,0,0,0,0,0,0,0,0,0,0,0,0,0,0,2000
778,2.608695652173913,0,0,0,0,1,0,0,0,0,0,0,0,0,0,0,0,0,0,0,2000
779,3.675,1,1,0,0,0,0,0,0,0,0,0,0,0,0,0,0,1,0,0,1971
780,3.140625,0,0,0,1,1,0,0,0,1,0,0,0,0,0,0,0,0,0,0,2000
781,3.5277777777777777,0,0,0,0,0,0,0,1,0,0,0,0,0,0,0,1,0,0,0,2000
782,3.871559633027523,1,0,0,0,0,0,0,1,0,0,0,0,0,0,1,0,0,0,0,2000
783,4.0,0,0,0,0,1,0,0,0,0,0,0,0,0,0,0,0,0,0,0,1987
784,4.201086956521739,0,0,0,0,1,1,0,0,0,0,0,0,0,0,0,0,1,0,0,2000
785,3.597826086956522,0,0,0,0,0,0,0,1,0,0,0,0,0,0,1,0,0,0,0,2000
786,2.8125,0,0,0,0,1,0,0,0,0,0,0,0,0,0,0,1,0,0,0,2000
787,3.8194444444444446,0,1,1,1,1,0,0,0,1,0,0,0,0,0,0,0,0,0,0,2000
788,3.19811320754717,0,0,0,0,1,0,0,0,0,0,0,0,0,0,1,0,0,0,0,2000
789,3.8518518518518516,0,0,0,0,0,0,0,1,0,0,0,0,0,0,0,0,0,0,0,2000
790,3.7373737373737375,0,0,0,0,0,0,0,1,0,0,0,0,0,0,0,0,0,0,0,2000
791,3.272727272727273,0,0,0,0,1,0,0,1,0,0,0,0,0,0,1,0,0,0,0,2000
792,3.1031746031746033,0,0,0,0,1,1,0,0,0,0,0,0,0,0,0,0,0,0,0,2000
793,3.849462365591398,0,1,0,0,1,1,0,0,0,0,0,0,0,0,0,0,0,0,0,2000
794,3.9565217391304346,0,0,0,0,0,1,0,1,0,0,0,0,0,0,0,0,1,0,0,2000
795,3.0476190476190474,0,0,0,0,1,0,0,0,0,0,0,0,0,0,1,0,0,0,0,2001
796,3.477777777777778,1,0,0,0,1,1,0,1,0,0,0,0,0,0,0,0,0,0,0,1984
797,4.0,0,0,0,0,0,0,0,0,1,0,1,0,0,0,0,0,1,0,0,1981
798,3.86,0,0,0,0,1,0,0,0,0,0,1,0,0,0,0,0,1,0,0,1987
799,3.013157894736842,0,0,0,0,0,0,0,0,0,0,1,0,0,0,0,0,1,0,0,2001
800,3.5,1,0,0,0,1,0,0,0,0,0,0,0,0,0,0,0,0,0,0,2001
801,3.6025641025641026,0,0,0,0,0,0,0,1,0,0,0,0,0,0,0,0,0,1,0,2001
802,4.14873417721519,0,0,0,0,0,0,0,0,0,0,0,0,0,1,0,0,1,0,0,2000
803,3.0555555555555554,1,1,0,1,1,0,0,0,0,0,0,0,0,0,0,0,0,0,0,2001
804,4.113636363636363,0,0,0,0,0,0,0,1,0,0,0,0,0,0,0,0,1,0,0,2000
805,3.89,0,0,0,0,0,1,0,1,0,0,0,0,0,0,0,0,0,0,0,2001
806,3.6796875,0,0,0,0,1,0,0,1,0,0,0,0,0,0,1,0,0,0,0,2001
807,2.5,0,1,0,0,1,0,0,0,0,0,0,0,0,1,1,0,0,0,0,2001
808,3.992424242424242,1,0,0,0,0,1,0,1,0,0,0,0,0,0,0,0,0,0,0,1983
809,3.159090909090909,1,1,0,0,1,0,0,0,0,0,0,0,0,0,0,0,1,0,0,2001
810,3.425,1,0,0,0,1,0,0,0,0,0,0,0,0,0,1,0,0,0,0,2001
811,3.8905325443786984,0,1,1,1,1,0,0,0,1,0,0,0,0,0,1,0,0,0,0,2001
812,3.6574074074074074,0,0,0,0,0,0,0,1,0,0,0,0,1,0,1,0,0,0,0,2001
813,3.0357142857142856,1,0,0,0,0,0,0,1,0,0,0,0,0,0,1,0,0,1,0,2001
814,3.4833333333333334,0,0,0,0,1,0,0,0,0,0,0,0,0,0,0,0,0,0,1,1991
815,3.1538461538461537,0,0,0,0,1,0,0,0,0,0,0,0,0,0,0,1,0,0,0,2001
816,3.196969696969697,1,0,0,0,0,1,0,1,0,0,0,0,0,0,0,0,0,0,0,2001
817,3.532258064516129,0,0,0,0,1,0,0,0,0,0,0,0,0,0,1,0,0,0,0,1982
818,2.9743589743589745,1,1,0,0,0,0,0,0,0,0,0,0,0,0,0,0,0,0,0,2001
819,3.1363636363636362,1,0,0,0,0,1,0,0,0,0,0,0,0,0,0,0,1,0,0,2001
820,3.4,0,1,0,0,0,0,0,1,0,0,0,0,0,0,0,1,0,0,0,2001
821,2.76,0,0,0,0,1,0,0,0,0,0,0,0,0,0,0,0,0,0,0,2001
822,3.466666666666667,0,1,1,0,0,0,0,0,1,0,0,0,0,0,0,1,0,0,0,2001
823,3.2063492063492065,0,0,0,0,1,0,0,0,0,0,0,0,0,0,1,0,0,0,0,2001
824,3.608695652173913,0,0,0,0,1,0,0,0,0,0,0,0,0,0,1,0,0,0,0,1988
825,3.784090909090909,0,1,0,0,1,0,0,0,0,0,0,0,0,0,0,1,0,0,0,1989
826,2.9285714285714284,1,1,0,0,0,0,0,0,0,0,0,0,0,0,0,1,1,0,0,2001
827,3.606060606060606,0,0,0,0,1,0,0,1,0,0,0,0,0,0,0,0,0,0,0,2001
828,2.8020833333333335,1,1,0,0,0,0,0,1,0,0,0,0,0,0,0,1,0,0,0,2001
829,3.1538461538461537,0,0,0,1,1,0,0,0,0,0,0,0,0,0,1,0,0,0,0,2001
830,3.4833333333333334,1,0,0,0,1,0,0,0,0,0,0,0,0,0,0,0,0,0,0,2001
831,3.1363636363636362,0,0,0,0,1,0,0,0,0,0,0,0,0,0,0,0,0,0,0,2001
832,3.6944444444444446,0,0,0,0,0,0,0,1,0,0,1,0,0,1,0,0,1,0,0,2001
833,3.257575757575758,0,1,0,0,1,0,0,0,0,0,0,0,0,0,0,0,0,0,0,2001
834,3.87,0,0,0,0,0,1,0,1,0,0,0,0,0,0,0,0,1,0,0,2001
835,3.5754716981132075,0,0,0,0,1,0,0,0,0,0,0,0,0,0,0,0,0,0,0,2001
836,3.2708333333333335,0,0,0,0,1,0,0,0,0,0,0,0,0,0,1,0,0,0,0,2001
837,3.92,0,0,0,0,0,1,0,1,0,1,0,0,0,1,0,0,1,0,0,2001
838,3.59375,0,0,0,0,0,0,0,1,1,0,0,0,0,1,0,1,0,0,0,2001
839,4.018518518518518,0,0,0,0,0,0,0,1,0,0,0,0,0,1,0,1,1,0,0,2001
840,3.900763358778626,0,1,1,1,1,0,0,0,1,0,0,0,0,0,0,0,0,0,0,2001
841,3.1333333333333333,0,0,0,0,1,0,0,0,1,0,0,0,0,0,1,0,0,0,0,2001
842,3.797169811320755,0,1,0,1,0,0,0,0,1,0,0,0,0,0,0,0,0,0,0,2001
843,3.6153846153846154,1,0,0,0,0,1,0,1,0,0,0,0,0,0,0,0,1,0,0,2001
844,3.8771186440677967,0,0,0,0,0,1,0,0,0,0,0,0,0,0,0,0,1,0,0,2001
845,4.218487394957983,0,0,0,0,1,0,0,0,0,0,0,0,0,0,1,0,0,0,0,2001
846,3.5,0,0,0,0,0,0,0,0,0,0,0,0,0,1,1,1,1,0,0,2001
847,3.7388059701492535,0,0,0,0,1,0,0,1,0,0,0,0,0,0,0,0,0,0,0,2001
848,4.126903553299492,0,1,0,0,0,0,0,0,1,0,0,0,0,0,0,0,0,0,0,2001
849,4.032786885245901,0,0,0,0,0,0,0,1,0,0,0,0,0,0,1,0,0,0,0,2001
850,3.8877551020408165,1,0,0,0,0,0,0,1,0,0,0,0,0,0,0,0,0,1,0,2001
851,3.8461538461538463,0,0,0,0,1,0,0,1,0,0,0,0,0,1,0,0,0,0,0,2001
852,4.022222222222222,0,0,0,0,1,0,0,1,0,0,0,0,0,0,0,0,0,1,0,1970
853,3.9516129032258065,1,1,0,0,0,0,0,1,0,0,0,0,0,0,0,0,1,0,0,2002
854,3.5869565217391304,0,0,0,1,1,0,0,1,0,0,0,0,0,0,0,0,0,0,0,1993
855,3.760869565217391,0,0,0,0,1,1,0,0,0,0,0,0,0,1,0,0,0,0,0,2001
856,3.0,1,1,0,0,0,0,0,0,0,0,0,0,0,0,0,1,0,0,0,2002
857,3.732142857142857,0,1,1,1,1,0,0,0,0,0,0,0,0,0,0,0,0,0,0,2002
858,3.189655172413793,1,0,0,0,0,0,0,0,0,0,1,0,0,0,0,1,1,0,0,2002
859,4.15,0,0,0,0,0,0,0,1,0,0,0,0,0,0,1,0,0,0,0,2001
860,3.303030303030303,1,0,0,0,0,0,0,0,0,0,1,0,0,0,0,0,1,0,0,2002
861,3.0833333333333335,0,0,0,0,0,0,0,0,0,0,0,0,0,0,0,0,1,0,0,2002
862,3.0476190476190474,0,0,0,0,1,0,0,0,0,0,0,0,0,0,0,0,0,0,0,2002
863,3.3220338983050848,0,0,0,0,1,0,0,0,0,0,0,0,0,0,1,0,0,0,0,2002
864,2.4047619047619047,1,1,0,0,0,0,0,0,1,0,0,0,0,0,0,0,1,0,0,2002
865,3.5702479338842976,1,1,0,0,0,0,0,0,0,0,0,0,0,0,0,1,1,0,0,2002
866,3.802325581395349,0,0,0,0,1,0,0,1,0,0,0,0,0,0,1,0,0,0,0,2002
867,3.1923076923076925,1,1,0,0,0,0,0,0,0,0,0,1,0,0,0,1,0,0,0,2002
868,3.40625,1,0,0,0,0,1,0,1,0,0,0,0,0,1,0,0,1,0,0,2002
869,3.8513513513513513,1,0,0,0,0,0,0,0,0,0,0,0,0,1,0,0,1,0,0,2002
870,3.9464285714285716,0,1,1,1,0,0,0,0,0,0,0,0,0,0,0,1,0,0,0,2002
871,3.668067226890756,1,0,0,0,0,1,0,0,0,0,0,0,0,1,0,1,1,0,0,2002
872,3.0476190476190474,0,0,0,0,1,0,0,0,0,0,0,0,0,0,1,0,0,0,0,2002
873,3.0083333333333333,1,0,0,0,1,0,0,0,0,0,0,0,0,0,0,1,0,0,0,2002
874,3.59375,0,0,0,0,0,1,0,1,0,0,0,0,0,0,0,0,0,0,0,2002
875,2.890625,0,0,0,0,1,0,0,0,0,0,0,0,0,0,0,0,0,0,0,2002
876,3.217741935483871,0,0,0,0,0,0,0,0,0,0,1,0,0,0,0,1,1,0,0,2002
877,2.891304347826087,1,0,0,0,0,1,0,0,0,0,0,0,0,0,0,0,1,0,0,2002
878,3.66,1,0,0,0,0,1,0,0,0,0,0,0,0,0,0,0,0,0,0,2002
879,4.0625,0,0,0,0,1,0,0,1,0,0,0,0,0,0,1,0,0,0,0,2002
880,4.203488372093023,0,1,1,0,0,0,0,0,1,0,0,0,0,0,0,0,0,0,0,2001
881,3.1666666666666665,0,0,0,0,1,0,0,0,0,0,0,0,0,0,1,0,0,0,0,2002
882,3.55,0,0,0,0,0,1,0,0,0,0,0,0,0,1,0,0,1,0,0,2002
883,3.8421052631578947,0,0,0,0,0,0,1,0,0,0,0,0,0,0,0,0,0,0,0,2002
884,3.734375,0,0,0,0,1,0,0,1,0,0,0,0,0,0,1,0,0,0,0,2002
885,3.2717391304347827,0,0,0,0,0,0,0,0,0,0,1,0,0,1,0,0,1,0,0,2002
886,3.375,0,0,0,0,0,0,0,1,0,0,0,0,0,0,0,0,0,0,0,2002
887,3.633663366336634,0,1,0,0,0,0,0,0,1,0,0,0,0,0,0,0,0,0,0,2002
888,3.0384615384615383,1,1,0,0,0,0,0,0,0,0,0,0,0,0,0,0,1,0,0,2002
889,4.033333333333333,0,0,0,0,1,0,0,1,0,0,0,0,0,0,1,0,0,0,0,2002
890,3.9651162790697674,1,0,0,0,0,0,0,0,0,0,0,0,0,0,0,1,1,0,0,2002
891,3.3,0,0,0,0,1,0,0,1,0,0,0,0,0,0,0,0,0,0,0,2002
892,4.042780748663102,0,1,0,0,0,0,0,0,1,0,0,0,0,0,0,0,0,0,0,2002
893,4.023809523809524,0,0,0,0,0,1,0,1,0,0,0,0,0,0,0,0,0,0,0,2002
894,3.5833333333333335,0,0,0,0,0,1,0,1,0,0,0,0,0,0,0,0,0,0,0,2002
895,4.069444444444445,0,0,1,1,0,0,0,1,1,0,0,0,0,0,0,0,0,0,0,1988
896,3.956140350877193,0,0,0,0,0,1,0,1,0,0,0,0,0,0,0,0,0,0,0,2002
897,3.8020833333333335,0,0,0,0,1,1,0,1,0,0,0,0,1,0,0,0,0,0,0,2002
898,4.2,0,0,0,0,0,0,0,1,0,0,0,0,0,0,0,0,0,1,0,2002
899,4.202702702702703,1,1,0,0,0,1,0,1,0,0,0,0,0,0,0,0,1,0,0,2002
900,3.392857142857143,0,0,0,0,1,0,0,0,0,0,0,0,0,0,1,0,0,0,0,2003
901,2.5806451612903225,1,0,0,0,0,1,0,0,0,0,0,0,0,0,0,0,0,0,0,2003
902,3.6052631578947367,0,0,0,0,1,0,0,0,0,0,0,0,0,0,0,0,0,0,0,2003
903,3.3846153846153846,0,0,0,0,1,0,0,1,0,0,0,0,0,0,1,0,0,0,0,2002
904,3.2419354838709675,0,0,0,0,0,0,0,1,0,0,0,0,0,0,0,0,1,0,0,2002
905,3.1515151515151514,0,0,0,0,1,0,0,0,0,0,0,0,0,0,0,0,0,0,0,2003
906,3.857142857142857,0,0,0,0,0,1,0,0,0,0,1,0,0,1,0,0,1,0,0,2003
907,3.7733333333333334,1,1,0,0,0,0,0,0,0,0,0,0,0,0,0,1,1,0,0,2003
908,4.239130434782608,1,1,1,1,0,0,0,0,1,0,0,0,0,0,0,1,0,0,0,1986
909,3.389473684210526,1,1,0,0,0,0,0,0,0,0,0,1,0,0,0,1,1,0,0,2003
910,3.3642857142857143,0,0,0,0,1,0,0,1,1,0,0,0,0,0,1,0,0,0,0,2003
911,3.9892857142857143,0,1,1,1,1,0,0,0,0,0,0,0,0,0,0,0,0,0,0,2003
912,3.6810344827586206,1,0,0,0,0,1,0,0,0,0,0,0,0,0,0,0,0,0,0,2003
913,4.043859649122807,1,0,0,0,0,0,0,0,0,0,1,0,0,0,0,1,0,0,0,2002
914,2.4615384615384617,1,1,0,0,1,1,0,0,0,0,0,0,0,0,0,0,1,0,0,2003
915,2.640625,1,1,0,0,0,0,0,0,0,0,0,0,0,0,0,1,0,0,0,2003
916,3.1136363636363638,1,1,0,0,0,0,0,0,0,0,0,0,0,0,0,1,0,0,0,2003
917,3.804054054054054,1,1,0,0,1,0,0,0,1,0,0,0,0,0,0,0,0,0,0,2003
918,2.7096774193548385,1,0,0,0,0,0,0,0,1,0,0,0,0,0,0,1,0,0,0,2003
919,3.347826086956522,0,0,0,1,1,0,0,0,1,0,0,0,0,0,0,0,0,0,0,2003
920,3.8333333333333335,0,0,0,0,1,1,0,1,0,0,0,0,0,0,0,0,0,0,0,2003
921,4.089041095890411,0,0,0,0,1,0,0,1,0,0,0,0,0,0,1,0,0,0,0,2003
922,3.609375,1,0,0,0,0,0,0,0,1,0,1,0,0,0,0,0,0,0,0,2003
923,3.880952380952381,0,0,1,0,1,0,0,0,1,0,0,0,0,0,0,0,0,0,0,2003
924,4.173076923076923,0,0,0,0,0,0,0,1,0,0,0,0,0,0,0,0,1,0,0,1976
925,4.051282051282051,0,0,0,0,1,0,0,0,0,0,0,0,0,0,0,0,0,0,0,1983
926,3.453846153846154,0,0,0,0,1,0,0,0,0,0,0,0,1,0,0,0,0,0,0,2003
927,3.784313725490196,0,0,0,0,0,1,0,1,0,0,0,0,0,1,0,0,0,0,0,2003
928,3.9923076923076923,1,0,0,0,0,1,0,0,0,0,0,0,0,0,0,0,1,0,0,2003
929,3.1923076923076925,1,1,0,0,0,0,0,0,0,0,0,1,0,0,0,1,1,0,0,2003
930,3.789473684210526,0,0,0,1,1,0,0,0,1,0,0,0,0,0,0,0,0,0,0,2003
931,3.853448275862069,0,0,0,0,1,0,0,1,0,0,0,0,0,0,1,0,0,0,0,2003
932,3.742857142857143,0,1,0,0,0,0,0,1,0,0,0,0,0,0,0,0,0,1,0,2003
933,3.4375,0,0,0,0,0,1,0,1,0,0,0,0,0,1,1,0,1,0,0,2003
934,3.5,0,0,0,0,1,1,0,0,0,0,0,0,0,0,0,0,0,0,0,2003
935,3.475,0,0,0,0,0,0,0,1,0,0,0,0,0,0,0,1,1,0,0,1983
936,4.068965517241379,1,0,0,0,0,0,0,1,0,0,1,0,0,0,0,0,1,0,0,2000
937,4.027027027027027,1,1,0,0,0,0,0,1,0,0,0,0,0,0,0,0,0,0,0,2002
938,4.181818181818182,0,1,1,0,0,0,0,1,1,0,0,0,0,0,0,1,0,0,0,1984
939,3.9672131147540983,1,1,0,0,0,0,0,1,0,0,0,0,0,0,0,0,0,1,0,2003
940,3.889705882352941,0,0,0,0,0,0,0,1,1,0,0,0,0,0,1,0,0,0,0,2003
941,4.141304347826087,1,1,0,0,0,0,0,1,1,0,0,0,0,0,0,0,0,0,0,2003
942,3.1739130434782608,0,0,0,0,1,0,0,0,0,0,0,0,0,0,1,0,0,0,0,2004
943,3.7111111111111112,0,0,0,0,0,0,0,1,0,0,0,0,0,0,0,1,1,0,0,2004
944,3.630434782608696,0,0,0,0,1,0,0,0,0,0,0,0,0,0,1,0,0,0,0,2004
945,3.977272727272727,0,0,0,0,1,0,0,1,0,0,0,0,0,0,0,0,0,0,0,2003
946,3.45,1,0,0,0,1,1,0,0,0,0,0,0,0,0,0,0,1,0,0,2004
947,4.1923076923076925,0,0,0,0,0,0,0,1,0,0,0,0,0,0,1,1,0,0,0,2004
948,3.4625,1,1,0,0,0,0,0,0,1,0,1,0,0,0,0,0,0,0,0,2004
949,3.903669724770642,1,0,0,0,0,0,0,1,0,0,0,0,0,0,0,0,1,0,0,2004
950,3.35,0,0,0,0,1,0,0,0,1,0,0,0,0,0,1,0,0,0,0,2004
951,3.735294117647059,1,0,0,0,0,1,0,1,0,0,0,0,0,1,0,0,1,0,0,2004
952,3.8552631578947367,0,0,0,0,1,0,0,0,0,0,0,0,0,0,0,0,0,0,0,2004
953,2.8260869565217392,1,1,0,0,0,0,0,0,1,0,1,0,0,0,0,0,0,0,0,2004
954,3.5,1,1,0,0,0,0,0,1,0,0,0,0,0,0,0,0,0,1,0,2004
955,3.6153846153846154,0,1,1,1,1,0,0,0,0,0,0,0,1,0,1,0,0,0,0,2004
956,3.1122448979591835,1,1,0,0,0,0,0,1,0,0,0,0,0,0,0,1,1,0,0,2004
957,3.9565217391304346,0,1,0,0,0,0,0,0,1,0,0,1,0,0,0,0,0,0,0,2004
958,3.4545454545454546,1,0,0,0,0,0,0,0,0,0,0,0,0,0,0,1,1,0,0,2004
959,3.4166666666666665,0,0,0,0,1,0,0,0,0,0,0,0,0,0,0,0,0,0,0,2004
960,3.5816326530612246,0,0,0,0,1,0,1,1,0,0,0,0,0,0,0,0,0,0,0,2004
961,3.6447368421052633,0,0,0,0,1,0,0,0,0,0,0,0,0,0,0,0,0,0,0,2004
962,3.391304347826087,0,0,0,0,1,0,0,1,0,0,0,0,0,0,1,0,0,0,0,2004
963,3.6621621621621623,0,0,0,0,0,0,0,1,0,0,0,0,0,0,1,0,0,0,0,2004
964,3.5833333333333335,0,0,0,0,0,0,1,0,0,0,0,0,0,0,0,0,0,0,0,2004
965,3.8525641025641026,1,1,0,0,0,0,0,0,0,0,0,1,0,0,0,1,0,0,0,2004
966,3.8392857142857144,0,0,0,0,1,0,0,0,0,0,0,0,0,0,0,0,0,0,0,2004
967,3.55,1,1,0,0,0,0,0,0,0,0,0,0,0,0,0,1,1,0,0,2004
968,3.8378378378378377,1,0,0,0,0,1,0,0,0,0,0,0,0,0,0,0,1,0,0,2004
969,3.32,0,0,0,0,0,0,0,1,0,0,0,0,0,1,0,0,1,0,0,2004
970,3.7872340425531914,0,0,0,0,1,0,0,1,0,0,0,0,0,0,1,0,0,0,0,2004
971,3.8488372093023258,1,0,0,0,0,1,0,1,0,0,0,0,0,0,0,0,1,0,0,2004
972,3.5606060606060606,0,1,0,0,1,0,0,0,0,0,0,0,0,0,0,0,0,0,0,2004
973,3.9423076923076925,0,1,0,0,0,0,0,1,0,0,0,0,0,0,0,0,0,0,0,2004
974,4.059210526315789,0,0,0,0,1,0,0,0,0,0,1,0,0,0,0,0,0,0,0,2004
975,3.625,0,0,0,0,1,0,0,0,0,0,0,0,0,0,0,0,0,0,0,2004
976,3.5806451612903225,1,1,1,0,1,0,0,0,0,0,0,0,0,0,0,0,0,0,0,2004
977,3.8421052631578947,0,0,0,0,1,0,0,1,0,0,0,0,0,0,1,0,0,0,0,2004
978,4.094594594594595,0,0,0,0,0,0,0,1,0,0,0,0,0,1,0,0,1,0,0,2004
979,3.28125,0,0,0,0,0,0,0,0,0,0,1,0,0,1,0,0,1,0,0,2004
980,3.8669354838709675,1,1,1,1,1,0,0,0,0,0,0,0,0,0,0,0,0,0,0,2004
981,3.725806451612903,0,0,0,0,0,0,0,1,0,0,0,0,0,0,0,0,0,0,0,2004
982,3.3513513513513513,1,1,0,0,0,0,0,1,0,0,0,0,0,1,0,0,1,0,0,2004
983,3.6666666666666665,1,0,0,0,0,0,0,1,0,0,0,0,0,0,1,0,0,0,0,2004
984,3.369047619047619,1,0,0,0,1,1,0,0,0,0,0,0,0,0,0,0,1,0,0,2004
985,3.2916666666666665,0,1,0,1,1,0,0,0,1,0,0,0,0,0,0,0,0,0,0,2004
986,4.197368421052632,0,0,0,0,0,0,0,0,0,0,0,0,0,1,0,0,1,0,0,2003
987,3.7857142857142856,0,0,1,0,0,0,0,1,0,0,0,0,0,1,0,1,1,0,0,2006
988,3.9215686274509802,0,0,0,0,0,0,0,1,0,0,0,0,0,0,0,0,0,0,0,2004
989,3.872340425531915,0,0,0,0,0,0,0,1,0,0,0,0,0,0,0,0,0,1,0,2004
990,3.05,0,1,0,1,1,0,0,0,1,0,0,1,0,0,0,0,0,0,0,2005
991,3.5833333333333335,0,1,0,0,1,0,0,0,1,0,0,0,0,0,0,0,0,0,0,2004
992,3.6323529411764706,0,0,0,0,0,0,0,1,0,0,0,0,0,0,0,0,0,0,0,2004
993,3.203125,0,0,0,0,1,0,0,0,0,0,0,0,0,0,0,0,0,0,0,2004
994,4.17948717948718,0,1,1,0,0,0,0,0,1,0,0,0,0,0,1,0,0,0,0,2004
995,3.2386363636363638,0,0,0,0,1,0,0,0,0,0,0,0,0,0,1,0,0,0,0,2005
996,3.573529411764706,1,0,0,0,0,0,0,0,1,0,1,0,0,0,0,0,1,0,0,2005
997,3.9036144578313254,1,0,0,0,0,1,0,0,0,1,0,0,0,1,0,0,1,0,0,2005
998,3.5,0,1,0,0,1,0,0,0,0,0,0,0,0,0,0,1,0,0,0,2005
999,3.9693877551020407,0,0,0,0,0,1,0,1,0,0,0,0,0,0,0,0,0,0,0,2004
1000,3.4740259740259742,1,1,0,0,0,0,0,0,0,0,0,0,0,0,0,1,0,0,0,2005
1001,3.4615384615384617,0,1,1,1,1,0,0,0,0,0,0,0,0,0,0,0,0,0,0,2005
1002,3.336206896551724,1,1,0,0,1,0,0,0,0,0,0,0,0,0,1,0,0,0,0,2005
1003,3.8956521739130436,1,0,0,0,0,1,0,0,0,0,0,1,0,0,0,0,0,0,0,2005
1004,3.2142857142857144,1,1,0,0,0,0,0,0,0,0,0,0,0,0,0,1,1,0,0,2005
1005,2.842857142857143,1,1,0,0,0,0,0,0,0,0,0,0,0,0,0,1,0,0,0,2005
1006,3.5701754385964914,0,0,0,0,1,0,0,0,0,0,0,0,0,0,1,0,0,0,0,2005
1007,3.466666666666667,1,0,0,0,0,0,0,0,0,0,0,0,0,0,0,1,1,0,0,2005
1008,4.020408163265306,1,1,0,0,0,0,0,0,0,0,0,0,0,0,0,1,0,0,0,2005
1009,3.65,0,0,0,0,1,0,0,1,0,0,0,0,0,0,0,0,0,0,0,2005
1010,3.595890410958904,0,0,0,0,1,0,0,0,0,0,0,0,0,0,1,0,0,0,0,2005
1011,3.823529411764706,1,0,0,0,0,1,0,1,0,0,0,0,0,0,0,0,1,1,0,2005
1012,2.9,1,0,0,0,0,0,0,0,0,0,0,0,0,0,0,1,0,0,0,2005
1013,3.616279069767442,0,0,1,0,1,0,0,0,1,0,0,0,1,0,1,0,0,0,0,2005
1014,3.6346153846153846,1,0,0,0,0,1,0,1,0,0,0,0,0,0,0,0,1,0,0,2005
1015,4.045454545454546,0,0,0,0,0,1,0,1,0,0,0,0,0,0,0,0,0,0,0,2005
1016,3.7586206896551726,0,1,1,1,1,0,0,0,0,0,0,0,0,0,0,0,0,0,0,2005
1017,4.1911764705882355,0,0,0,0,1,1,0,0,0,0,0,0,0,1,0,0,1,0,0,2005
1018,3.6666666666666665,0,0,0,0,0,0,0,1,0,0,0,0,0,0,1,0,0,0,0,2005
1019,3.6923076923076925,0,0,0,0,0,0,0,1,0,0,0,0,0,0,1,0,0,0,0,2005
1020,3.8714285714285714,0,1,0,0,0,0,0,0,1,0,0,1,0,0,0,0,1,0,0,2005
1021,3.8552631578947367,0,0,0,0,0,0,0,1,0,0,0,0,1,0,1,0,0,0,0,2005
1022,3.5,0,1,0,1,0,0,0,0,1,0,0,0,0,0,0,0,0,0,0,2005
1023,3.4871794871794872,1,1,0,0,0,0,0,1,1,0,0,0,0,0,0,0,1,0,0,2005
1024,4.0,1,0,0,0,0,1,0,1,0,0,0,0,0,0,0,0,1,0,0,2005
1025,3.3636363636363638,0,1,1,1,1,0,0,0,0,0,0,0,0,0,0,0,0,0,0,2006
1026,3.9242424242424243,1,0,0,0,0,0,0,0,0,0,0,1,0,0,0,1,1,0,0,2006
1027,4.142857142857143,0,0,0,0,1,0,0,1,0,0,0,0,0,0,0,0,0,0,0,2006
1028,3.8974358974358974,0,0,0,0,0,1,0,1,0,0,0,0,0,0,0,0,1,0,0,2006
1029,4.242424242424242,0,0,0,0,0,0,0,1,0,0,0,0,0,0,1,0,1,0,0,2006
1030,3.9594594594594597,0,0,0,0,0,1,0,1,0,0,0,0,0,1,0,0,0,0,0,2006
1031,3.7222222222222223,1,1,0,0,0,0,0,0,0,0,0,0,0,0,0,0,1,0,0,2006
1032,3.1875,0,0,0,0,0,0,0,1,0,0,0,0,0,1,0,0,1,0,0,2006
1033,3.4215686274509802,1,0,0,0,0,0,0,0,0,0,0,0,0,0,0,1,1,0,0,2006
1034,3.4625,0,0,1,1,1,0,0,0,0,0,0,0,0,0,0,0,0,0,0,2006
1035,3.1136363636363638,0,1,0,0,1,0,0,1,1,0,0,0,0,0,1,0,0,0,0,2006
1036,3.6666666666666665,0,0,0,0,1,0,0,1,0,0,0,0,0,0,0,0,0,0,0,2006
1037,3.556338028169014,1,1,0,0,0,0,0,0,1,0,0,0,0,0,0,0,0,0,0,2006
1038,3.2083333333333335,1,1,0,0,0,0,0,0,0,0,0,1,0,0,0,1,0,0,0,2006
1039,3.9342105263157894,0,1,0,0,1,0,0,1,0,0,0,0,0,0,0,0,0,0,0,2006
1040,3.6166666666666667,0,0,0,0,0,0,0,1,0,0,0,0,0,0,0,0,1,0,0,2006
1041,3.3703703703703702,1,0,0,0,1,0,0,0,0,0,0,0,0,0,0,0,0,0,0,2006
1042,3.3863636363636362,1,0,0,0,1,0,0,0,1,0,0,1,0,0,0,0,0,0,0,2006
1043,3.7790697674418605,0,0,0,0,1,0,0,1,1,0,0,0,0,0,1,0,0,0,0,2006
1044,3.8777777777777778,0,0,0,0,0,0,0,1,0,0,0,0,0,0,0,0,0,0,0,2006
1045,3.869047619047619,0,0,0,0,0,0,0,1,1,0,0,0,0,1,1,0,0,0,0,2006
1046,3.3984375,0,0,0,0,1,0,0,0,0,0,0,0,0,0,0,0,0,0,0,2006
1047,3.8625,0,0,0,0,0,0,0,1,1,0,0,0,0,0,0,0,1,0,0,2006
1048,4.2924528301886795,0,0,0,0,0,1,0,1,0,0,0,0,0,0,0,0,1,0,0,2006
1049,4.007936507936508,1,1,0,0,0,0,0,1,0,0,0,0,0,0,0,1,1,0,0,2006
1050,4.050561797752809,0,0,0,0,0,0,0,1,0,0,0,0,0,1,0,1,1,0,0,2006
1051,3.99375,1,1,0,0,0,0,0,0,0,0,0,0,0,0,0,0,1,0,0,2006
1052,3.347826086956522,0,0,0,0,1,0,0,0,0,0,0,0,0,0,1,0,0,0,0,2006
1053,3.8365384615384617,1,1,0,0,0,1,0,1,0,0,0,0,0,0,0,0,1,1,0,2006
1054,3.9225352112676055,0,0,1,1,0,0,0,1,0,0,0,0,0,0,0,0,0,0,0,2007
1055,4.066666666666666,1,0,0,0,1,1,0,0,0,0,0,0,0,1,0,0,0,0,0,2007
1056,3.810810810810811,0,0,0,0,0,1,0,1,0,0,0,0,0,0,0,0,1,0,0,2007
1057,3.7278481012658227,1,0,0,0,0,0,0,0,1,0,0,1,0,0,0,0,0,1,0,2007
1058,4.020833333333333,1,0,0,0,0,0,0,1,0,0,0,0,0,0,0,0,1,0,0,2007
1059,3.5576923076923075,1,0,0,0,0,1,0,0,0,0,1,0,0,0,0,1,1,0,0,2007
1060,3.0697674418604652,1,1,0,0,0,0,0,0,0,0,0,1,0,0,0,1,1,0,0,2007
1061,3.7254901960784315,0,0,0,0,1,0,0,1,0,0,0,0,0,0,1,0,0,0,0,2007
1062,3.775,0,0,0,0,0,0,0,0,0,0,1,0,0,0,0,1,1,0,0,2007
1063,3.175,0,1,1,1,1,0,0,0,1,0,0,0,0,0,0,0,0,0,0,2007
1064,3.5,1,1,0,0,1,0,0,0,1,0,0,0,0,0,0,0,0,0,0,2007
1065,3.59375,0,0,0,0,0,1,0,0,0,0,0,0,0,0,0,0,1,0,0,2007
1066,3.26,1,1,0,0,0,1,0,0,0,0,1,0,0,0,0,0,1,0,0,2007
1067,3.2916666666666665,0,0,0,0,0,0,0,1,0,0,1,0,0,0,0,0,1,0,0,2007
1068,3.5161290322580645,1,1,0,0,0,1,0,0,0,0,0,0,0,0,0,0,1,0,0,2007
1069,3.4342105263157894,1,0,0,0,0,0,0,0,0,0,0,1,0,0,0,1,1,0,0,2007
1070,3.9298245614035086,0,1,0,0,0,0,0,1,1,0,0,1,0,0,0,0,0,0,0,2007
1071,3.712121212121212,0,1,0,0,1,0,0,0,1,0,0,0,0,0,1,0,0,0,0,2007
1072,3.7,0,0,1,0,1,0,0,0,0,0,0,0,0,0,0,0,0,0,0,2007
1073,3.74375,1,0,0,0,0,1,0,0,0,0,0,0,0,0,0,0,1,0,0,2007
1074,3.935185185185185,0,0,0,0,1,0,0,0,0,0,0,0,0,0,0,0,0,0,0,2007
1075,3.9761904761904763,1,0,0,0,0,0,0,0,0,0,1,0,0,0,0,1,0,0,0,2007
1076,4.229166666666667,1,0,0,0,0,1,0,1,0,0,0,0,0,0,0,0,0,0,1,2007
1077,4.0,1,1,0,0,0,0,0,1,0,0,0,0,0,0,0,0,0,0,0,2007
1078,3.6,0,1,0,0,1,0,0,1,0,0,0,0,0,0,0,0,0,0,0,2007
1079,4.013888888888889,0,0,0,0,0,1,0,1,0,0,0,0,0,0,0,0,1,0,0,2007
1080,3.9603174603174605,0,0,0,0,0,1,0,1,0,0,0,0,0,0,0,0,0,0,0,2007
1081,3.540983606557377,1,0,0,0,0,0,0,0,0,0,1,1,0,0,0,1,1,0,0,2007
1082,3.828125,0,0,0,0,1,0,0,1,0,0,0,0,0,0,1,0,0,0,0,2007
1083,3.8448275862068964,0,0,0,0,0,0,0,1,0,0,1,0,1,0,0,0,1,0,0,2007
1084,3.1739130434782608,1,1,0,0,0,0,0,0,0,0,0,0,0,0,0,0,0,0,0,2007
1085,4.296296296296297,0,0,0,0,0,0,0,1,0,0,0,0,0,0,0,0,0,0,1,2007
1086,3.480769230769231,1,0,0,0,0,0,0,0,0,0,0,0,0,1,0,1,1,0,0,2008
1087,4.2625,0,0,0,0,1,1,0,1,0,0,0,0,0,0,0,0,1,0,0,2008
1088,4.266891891891892,1,0,0,0,0,1,0,1,0,0,0,1,0,0,0,0,0,0,0,2008
1089,3.8684210526315788,0,0,0,0,1,0,0,0,0,0,0,0,0,0,1,0,0,0,0,2008
1090,3.8655913978494625,1,1,0,0,0,0,0,0,0,0,0,0,0,0,0,1,0,0,0,2008
1091,3.707317073170732,1,0,0,0,0,1,0,1,0,0,0,0,0,0,0,0,1,0,0,2008
1092,2.9078947368421053,1,1,0,0,1,0,0,0,0,0,0,0,0,0,0,1,0,0,0,2008
1093,3.509433962264151,1,0,1,1,1,0,0,0,0,0,0,1,0,0,0,0,0,0,0,2008
1094,3.264705882352941,1,0,0,0,0,0,0,0,0,0,0,0,0,0,0,1,0,0,0,2008
1095,4.097087378640777,0,1,1,1,0,0,0,0,0,0,0,0,0,0,1,1,0,0,0,2008
1096,3.3095238095238093,1,0,0,0,0,0,0,0,0,0,0,0,0,0,0,0,1,0,0,2008
1097,3.142857142857143,1,1,0,0,1,1,0,0,1,0,0,0,0,0,0,0,0,0,0,2008
1098,4.083333333333333,1,0,0,0,0,0,0,1,0,0,0,1,0,1,0,1,1,0,0,2009
1099,3.685185185185185,0,0,0,0,1,0,0,0,0,0,0,0,0,0,0,0,0,0,0,2008
1100,3.8,1,0,0,0,1,1,0,0,0,0,0,0,0,0,0,0,0,0,0,2008
1101,3.609375,1,1,0,0,1,0,0,0,0,0,0,0,0,0,0,0,0,1,0,2008
1102,3.5789473684210527,0,0,0,0,1,1,0,1,0,0,0,0,0,0,0,0,0,0,0,2008
1103,3.7,0,0,0,0,1,0,0,1,0,0,0,0,0,0,1,0,0,0,0,2008
1104,3.8642857142857143,0,0,0,0,0,1,0,1,0,0,0,0,0,0,1,0,0,0,0,2008
1105,3.5588235294117645,1,1,0,0,0,0,0,0,0,0,0,0,0,0,0,0,1,0,0,2008
1106,2.5238095238095237,0,0,0,0,0,0,0,1,1,0,0,0,0,0,1,0,1,0,0,2008
1107,4.033333333333333,0,0,0,0,0,1,0,1,0,0,0,0,0,0,0,0,0,0,0,2008
1108,3.8484848484848486,0,0,0,0,0,0,0,1,0,0,0,0,0,0,0,0,0,0,0,2008
1109,3.6944444444444446,0,0,0,0,0,0,0,1,1,0,0,0,0,1,1,0,0,0,0,2008
1110,3.727272727272727,0,0,0,0,1,0,0,0,0,0,0,0,0,0,0,0,0,0,0,2008
1111,3.8088235294117645,0,0,1,0,0,0,0,0,1,0,0,0,0,0,0,0,1,0,0,2009
1112,4.086956521739131,0,0,0,0,1,0,0,1,0,0,0,0,1,0,0,1,0,0,0,2008
1113,4.104166666666667,0,0,0,0,0,1,0,1,0,0,0,0,0,1,0,0,1,0,0,2009
1114,4.183908045977011,1,0,0,0,0,0,0,1,0,0,0,0,0,0,0,0,0,1,0,2009
1115,4.096774193548387,0,0,0,0,0,0,0,1,0,0,0,0,0,1,0,1,1,0,0,2009
1116,2.98,1,0,0,0,0,0,0,0,0,0,0,0,0,0,0,1,1,0,0,2009
1117,3.9310344827586206,1,1,0,0,0,0,0,0,0,0,0,1,0,0,0,1,0,0,0,2009
1118,4.043269230769231,0,1,1,1,0,0,0,1,0,0,0,0,0,0,0,0,0,0,0,2009
1119,3.68,0,0,0,0,1,1,0,0,0,0,0,0,0,0,0,0,0,0,0,2009
1120,4.181818181818182,1,0,0,0,0,0,0,1,0,0,0,0,0,0,0,0,1,1,0,2008
1121,3.7560975609756095,0,0,0,0,1,0,0,1,0,0,0,0,0,0,1,0,0,0,0,2009
1122,3.956140350877193,0,1,0,0,0,0,0,0,1,0,0,1,0,1,1,0,0,0,0,2009
1123,3.8359375,0,0,0,0,0,0,0,0,0,0,0,0,0,1,0,1,1,0,0,2009
1124,3.951923076923077,1,0,0,0,1,0,0,0,0,0,1,0,0,0,0,0,0,0,0,2009
1125,3.838709677419355,0,0,0,0,0,0,0,1,0,0,0,0,0,0,1,0,0,0,0,2009
1126,2.75,1,0,0,0,0,0,0,1,0,0,0,0,0,0,0,1,1,0,0,2009
1127,3.8,0,0,0,0,0,0,0,1,0,0,0,0,0,0,0,0,0,0,0,2009
1128,3.640625,1,1,0,0,0,0,0,0,0,0,0,1,0,0,0,1,0,0,0,2009
1129,3.9210526315789473,1,0,0,0,0,1,0,0,0,0,0,0,0,1,0,0,1,0,0,2009
1130,4.083333333333333,0,0,0,0,0,0,0,1,0,0,0,0,0,1,0,0,1,0,0,2010
1131,2.9814814814814814,0,1,0,0,0,0,0,0,1,0,0,1,0,0,0,0,0,0,0,2010
1132,4.019230769230769,0,1,1,1,0,0,0,0,1,0,0,1,0,0,0,0,0,0,0,2010
1133,3.738095238095238,1,0,0,0,1,0,0,0,0,0,0,0,0,0,0,0,0,0,0,2010
1134,3.5869565217391304,1,1,0,0,0,0,0,0,0,0,0,1,0,0,0,1,1,0,0,2010
1135,4.185185185185185,0,1,1,1,1,0,0,0,1,0,0,1,0,0,0,0,0,0,0,2010
1136,3.7837837837837838,0,0,1,1,1,1,0,0,0,0,0,0,0,0,0,0,0,0,0,2010
1137,4.095070422535211,1,0,0,0,0,1,0,1,0,0,0,1,0,1,0,1,1,0,0,2010
1138,3.425,1,0,0,0,1,0,0,0,0,0,0,0,0,0,0,0,0,0,0,2010
1139,3.7906976744186047,1,0,0,0,1,0,0,0,1,0,0,0,1,0,1,0,0,0,0,2010
1140,3.955357142857143,0,0,0,0,0,0,0,1,0,0,0,0,0,0,0,0,0,0,0,2010
1141,4.142857142857143,0,0,0,0,0,1,0,1,0,0,0,0,0,0,0,0,1,0,0,2010
1142,3.9423076923076925,0,0,0,0,1,0,0,0,0,0,0,0,0,0,1,0,0,0,0,2010
1143,3.7195121951219514,0,0,0,0,0,0,0,1,0,0,0,0,0,0,0,0,1,0,0,2010
1144,4.076086956521739,1,1,0,0,0,0,0,0,1,0,0,1,0,0,0,0,0,0,0,2010
1145,4.114035087719298,0,0,0,0,0,0,0,1,0,0,0,0,0,0,0,0,0,0,0,2010
1146,4.086956521739131,0,0,1,1,1,0,0,0,1,0,0,1,1,0,1,0,0,0,0,2010
1147,3.9318181818181817,0,0,0,0,0,0,0,1,0,0,0,0,0,0,0,0,0,0,0,2010
1148,3.888888888888889,0,0,0,0,0,0,0,0,0,0,0,0,0,0,0,0,0,0,1,2010
1149,4.086206896551724,0,0,0,0,0,0,0,0,0,0,0,0,0,0,0,1,1,0,0,2011
1150,3.325,0,0,0,0,0,0,0,0,0,0,0,0,0,0,1,1,1,0,0,2011
1151,3.712121212121212,1,0,0,0,0,0,0,1,0,0,0,0,0,1,0,1,1,0,0,2011
1152,3.621212121212121,1,1,0,0,0,0,0,1,1,0,0,1,0,0,0,0,0,0,0,2011
1153,3.95,0,0,0,0,1,0,0,0,0,0,0,0,0,0,0,0,0,0,0,2011
1154,3.369565217391304,1,1,0,0,0,0,0,0,1,0,0,1,0,0,0,0,0,0,0,2011
1155,3.7083333333333335,0,0,0,0,1,0,0,0,1,0,0,0,0,0,1,0,0,0,0,2011
1156,3.880952380952381,1,1,0,0,0,0,0,0,0,0,0,0,0,0,0,1,1,1,0,2011
1157,3.775,0,0,0,0,0,0,0,0,0,0,0,1,0,1,0,1,1,0,0,2011
1158,3.5869565217391304,0,0,0,0,1,1,0,0,0,0,0,0,0,0,0,0,0,0,0,2011
1159,3.989795918367347,1,1,0,0,0,0,0,1,1,0,0,1,0,1,0,0,0,0,0,2011
1160,3.8870967741935485,0,0,0,0,0,1,0,1,0,1,0,0,0,0,0,0,1,0,0,2011
1161,3.661290322580645,1,1,0,0,0,0,0,0,0,0,0,0,0,0,0,1,1,1,0,2011
1162,4.116666666666666,0,0,0,0,1,0,0,1,0,0,0,0,0,0,1,0,0,0,0,2011
1163,3.5961538461538463,1,0,0,0,0,0,0,1,0,0,0,0,0,0,0,1,1,0,0,2011
1164,4.025,0,0,0,0,0,0,0,1,0,0,0,0,0,0,0,0,0,0,0,2011
1165,4.04,0,0,0,0,0,0,0,1,0,0,0,0,0,0,0,0,0,0,0,2011
1166,3.926470588235294,1,1,0,0,0,0,0,0,0,0,0,1,0,0,0,1,0,0,0,2012
1167,3.5,1,1,0,0,0,0,0,1,0,0,0,0,0,0,0,1,1,0,0,2012
1168,4.046666666666667,1,1,0,0,0,1,0,0,0,0,0,1,0,0,0,0,0,0,0,2012
1169,3.864864864864865,1,1,0,0,1,1,0,0,0,0,0,0,0,1,0,0,1,0,0,2011
1170,3.8333333333333335,1,1,0,0,0,0,0,0,0,0,0,1,0,0,0,0,1,0,0,2011
1171,3.573170731707317,0,0,0,0,0,0,0,1,0,0,0,0,0,0,0,0,1,0,0,2011
1172,4.222222222222222,0,0,0,0,1,0,0,1,0,0,0,0,0,0,0,0,0,0,0,2011
1173,4.02,1,0,0,0,1,1,0,0,0,0,0,0,0,0,0,0,0,0,0,2012
1174,4.214285714285714,0,0,0,0,1,0,0,0,0,0,1,0,0,0,0,1,1,0,0,2012
1175,3.423076923076923,1,0,0,0,0,0,0,0,0,0,1,1,0,0,0,1,0,0,0,2012
1176,3.9107142857142856,0,0,0,0,1,0,0,1,0,0,0,0,0,0,1,0,0,0,0,2012
1177,3.586206896551724,1,1,1,1,0,0,0,0,0,0,0,0,0,0,0,0,0,0,0,2012
1178,3.45,0,0,0,0,1,0,0,0,1,0,0,0,0,0,0,0,0,0,0,2012
1179,3.3620689655172415,1,1,0,0,0,0,0,0,0,0,0,1,0,0,0,1,0,0,0,2012
1180,3.8877551020408165,1,1,0,0,0,0,0,0,0,0,0,1,0,0,0,0,1,0,0,2012
1181,3.7580645161290325,1,0,0,0,0,1,0,0,0,0,0,0,0,0,0,1,0,0,0,2012
1182,4.12962962962963,0,0,0,0,0,0,0,1,0,0,0,0,0,0,0,0,1,0,0,2012
1183,3.9285714285714284,0,0,1,0,1,0,0,0,0,0,0,0,0,0,0,0,0,0,0,2012
1184,3.8448275862068964,0,0,0,0,1,0,0,1,0,0,0,0,0,0,0,0,0,0,0,2012
1185,3.75,0,1,0,0,0,0,0,1,0,0,0,1,0,0,0,0,0,0,0,2012
1186,3.91025641025641,0,1,0,0,0,0,0,0,1,0,0,1,0,0,0,0,0,0,0,2012
1187,4.0,1,0,0,0,0,0,0,1,0,0,0,0,0,0,0,0,0,0,1,2012
1188,3.6774193548387095,1,0,0,0,0,0,0,0,0,0,0,1,0,0,0,1,1,0,0,2013
1189,3.826923076923077,1,1,0,0,0,0,0,0,0,0,0,1,0,0,0,1,0,0,0,2013
1190,3.5714285714285716,0,0,0,0,0,1,0,0,0,0,0,0,0,1,0,0,1,0,0,2013
1191,3.4523809523809526,1,1,0,0,0,0,0,0,1,0,0,1,0,0,0,1,0,0,0,2013
1192,3.925,0,0,0,0,1,1,0,0,0,0,0,0,0,0,0,0,0,0,0,2013
1193,3.693548387096774,1,0,0,0,0,0,0,0,0,0,0,1,0,0,0,1,0,0,0,2013
1194,4.25,0,1,0,0,0,0,0,1,0,0,0,1,0,0,0,0,1,0,0,2013
1195,3.475,1,1,0,0,0,0,0,0,1,0,0,1,0,0,0,0,0,0,0,2013
1196,3.78,1,1,0,0,0,0,0,0,0,0,0,1,0,0,0,1,0,0,0,2013
1197,3.7291666666666665,0,1,0,0,0,0,0,0,1,0,0,1,0,0,0,0,0,0,0,2013
1198,3.75,0,1,1,0,1,0,0,0,1,0,0,0,1,0,1,0,0,0,0,2013
1199,3.990566037735849,0,0,0,0,1,1,0,1,0,0,0,0,0,0,0,0,0,0,0,2013
1200,4.083333333333333,0,0,0,0,0,0,0,1,0,0,0,0,0,0,1,1,0,0,0,2013
1201,3.6,1,0,0,0,0,0,0,1,0,0,0,0,0,0,0,1,0,0,0,2013
1202,4.0,1,1,1,1,1,0,0,0,1,0,0,0,0,0,0,0,0,0,0,2014
1203,3.8529411764705883,0,0,0,0,1,0,0,1,0,0,0,0,0,0,0,0,0,0,0,2014
1204,4.048611111111111,0,0,0,0,0,0,0,0,0,0,0,1,0,0,0,1,0,0,0,2014
1205,3.8666666666666667,1,1,0,0,0,0,0,0,0,0,0,1,0,0,0,1,0,0,0,2014
1206,3.9655172413793105,1,1,0,0,0,0,0,0,0,0,0,0,0,0,0,1,0,0,0,2014
1207,4.069767441860465,1,0,0,0,0,0,0,0,0,0,0,1,0,0,0,1,0,0,0,2014
1208,3.48,0,0,0,0,1,0,0,1,0,0,0,0,0,0,0,0,0,0,0,2014
1209,4.148648648648648,0,0,0,0,0,0,0,1,0,0,0,0,0,0,0,0,0,0,0,2014
1210,3.8194444444444446,0,0,0,0,0,0,0,1,0,0,0,0,0,0,0,0,1,0,0,2014
1211,4.120689655172414,1,1,0,0,0,0,0,0,0,0,0,0,0,0,0,1,0,0,0,2014
1212,3.982142857142857,1,0,0,0,0,0,0,0,0,0,0,0,0,0,0,0,1,0,0,2014
1213,3.95,1,0,1,0,1,0,0,0,0,0,0,0,0,0,0,0,0,0,0,2014
1214,4.055555555555555,0,0,0,0,0,0,0,1,0,0,0,0,0,0,0,1,1,0,0,2015
1215,4.1020408163265305,0,0,0,0,0,0,0,1,0,0,0,0,0,0,0,0,1,1,0,2014
1216,4.045454545454546,0,1,0,0,0,0,0,0,0,0,0,0,0,0,0,1,1,0,0,2014
1217,3.409090909090909,1,1,0,0,0,0,0,1,0,0,0,0,0,0,0,1,1,0,0,2015
1218,4.1,1,1,0,0,1,1,0,0,0,0,0,0,0,0,0,0,0,0,0,2015
1219,3.902173913043478,1,1,0,0,0,0,0,0,0,0,0,0,0,0,0,1,1,0,0,2015
1220,3.95,1,1,0,0,0,0,0,0,1,0,0,1,0,0,0,1,0,0,0,2015
1221,3.6538461538461537,1,1,0,0,0,0,0,0,0,0,0,0,0,0,0,1,0,0,0,2015
1222,3.8653846153846154,1,1,0,0,0,0,0,0,0,0,0,0,0,0,0,1,0,0,0,2015
1223,3.9056603773584904,1,1,0,0,1,0,0,0,0,0,0,0,0,0,0,1,0,0,0,2016
1224,4.076923076923077,1,1,0,0,0,0,0,0,0,0,0,0,0,0,0,1,0,0,0,2017
1225,3.7857142857142856,1,0,0,0,0,0,0,0,0,0,0,0,0,0,0,1,1,0,0,2016
1226,3.880952380952381,1,1,0,0,0,0,0,0,0,0,0,0,0,0,0,1,0,0,0,2016
1227,4.085106382978723,0,1,0,0,0,0,0,1,0,0,0,0,0,0,0,1,0,0,0,2015
1228,3.9047619047619047,0,1,1,1,1,0,0,1,1,0,0,0,0,0,0,0,0,0,0,2015
1229,4.033333333333333,0,1,0,0,0,0,0,1,0,0,0,0,0,0,0,0,0,0,0,2015
1230,4.12,0,0,0,0,0,0,0,1,0,0,0,0,0,0,0,0,0,0,0,2015
1231,4.016129032258065,1,1,1,1,1,0,0,0,0,0,0,0,0,0,0,0,0,0,0,2016
1232,4.14,0,0,0,0,0,0,0,0,0,0,0,0,0,0,0,1,0,0,0,2016
1233,4.076923076923077,1,1,0,0,0,0,0,0,1,0,0,0,0,0,0,1,0,0,0,2016
1234,4.458333333333333,1,0,0,0,0,0,0,0,0,0,0,0,0,0,0,1,0,0,0,2017
